{
"meta":{"test_sets":[],"test_metrics":[],"learn_metrics":[{"best_value":"Min","name":"RMSE"}],"launch_mode":"Train","parameters":"","iteration_count":1000,"learn_sets":["learn"],"name":"experiment"},
"iterations":[
{"learn":[3.250171605],"iteration":0,"passed_time":0.009854703488,"remaining_time":9.844848785},
{"learn":[3.161131915],"iteration":1,"passed_time":0.02275183912,"remaining_time":11.35316772},
{"learn":[3.082862842],"iteration":2,"passed_time":0.037100157,"remaining_time":12.32961884},
{"learn":[3.010308323],"iteration":3,"passed_time":0.05218199673,"remaining_time":12.99331719},
{"learn":[2.946128947],"iteration":4,"passed_time":0.06535603878,"remaining_time":13.00585172},
{"learn":[2.885110455],"iteration":5,"passed_time":0.08022137516,"remaining_time":13.29000782},
{"learn":[2.830797874],"iteration":6,"passed_time":0.0954008642,"remaining_time":13.53329402},
{"learn":[2.780961854],"iteration":7,"passed_time":0.1078017336,"remaining_time":13.36741497},
{"learn":[2.735757742],"iteration":8,"passed_time":0.1218796145,"remaining_time":13.42029977},
{"learn":[2.694465717],"iteration":9,"passed_time":0.1345437322,"remaining_time":13.31982949},
{"learn":[2.657104822],"iteration":10,"passed_time":0.1518649895,"remaining_time":13.65404315},
{"learn":[2.623425031],"iteration":11,"passed_time":0.1680914811,"remaining_time":13.83953194},
{"learn":[2.592911906],"iteration":12,"passed_time":0.1837279463,"remaining_time":13.949191},
{"learn":[2.565970282],"iteration":13,"passed_time":0.2002105153,"remaining_time":14.10054058},
{"learn":[2.538723362],"iteration":14,"passed_time":0.2136515492,"remaining_time":14.02978507},
{"learn":[2.51398743],"iteration":15,"passed_time":0.2296246725,"remaining_time":14.12191736},
{"learn":[2.492437855],"iteration":16,"passed_time":0.2436237387,"remaining_time":14.08718442},
{"learn":[2.470892471],"iteration":17,"passed_time":0.2622599264,"remaining_time":14.30773599},
{"learn":[2.452616474],"iteration":18,"passed_time":0.2751110146,"remaining_time":14.20441607},
{"learn":[2.435776595],"iteration":19,"passed_time":0.2886219982,"remaining_time":14.14247791},
{"learn":[2.419716174],"iteration":20,"passed_time":0.299899828,"remaining_time":13.98104436},
{"learn":[2.405322134],"iteration":21,"passed_time":0.3161752267,"remaining_time":14.05542599},
{"learn":[2.392669421],"iteration":22,"passed_time":0.3310288727,"remaining_time":14.06153081},
{"learn":[2.37984696],"iteration":23,"passed_time":0.3439371823,"remaining_time":13.98677875},
{"learn":[2.368112625],"iteration":24,"passed_time":0.355958678,"remaining_time":13.88238844},
{"learn":[2.357769845],"iteration":25,"passed_time":0.3704306668,"remaining_time":13.87690267},
{"learn":[2.348163884],"iteration":26,"passed_time":0.3835056472,"remaining_time":13.82040721},
{"learn":[2.339559292],"iteration":27,"passed_time":0.3974913115,"remaining_time":13.79862696},
{"learn":[2.330874349],"iteration":28,"passed_time":0.4126288436,"remaining_time":13.81595197},
{"learn":[2.323724423],"iteration":29,"passed_time":0.4286850003,"remaining_time":13.86081501},
{"learn":[2.315811152],"iteration":30,"passed_time":0.4478696215,"remaining_time":13.99953752},
{"learn":[2.309660035],"iteration":31,"passed_time":0.4613708735,"remaining_time":13.95646892},
{"learn":[2.301646802],"iteration":32,"passed_time":0.4737720213,"remaining_time":13.8829559},
{"learn":[2.296469261],"iteration":33,"passed_time":0.4871612994,"remaining_time":13.84111221},
{"learn":[2.29137094],"iteration":34,"passed_time":0.5030411267,"remaining_time":13.86956249},
{"learn":[2.286147976],"iteration":35,"passed_time":0.5155858585,"remaining_time":13.80624354},
{"learn":[2.28165048],"iteration":36,"passed_time":0.5288301525,"remaining_time":13.76387667},
{"learn":[2.277541863],"iteration":37,"passed_time":0.5423699058,"remaining_time":13.73052235},
{"learn":[2.273106168],"iteration":38,"passed_time":0.556129399,"remaining_time":13.70359878},
{"learn":[2.26880207],"iteration":39,"passed_time":0.5699955485,"remaining_time":13.67989316},
{"learn":[2.265078203],"iteration":40,"passed_time":0.5828746699,"remaining_time":13.63358069},
{"learn":[2.261779419],"iteration":41,"passed_time":0.6009462888,"remaining_time":13.70729868},
{"learn":[2.258548725],"iteration":42,"passed_time":0.6175078464,"remaining_time":13.74313974},
{"learn":[2.255831128],"iteration":43,"passed_time":0.6308276073,"remaining_time":13.70616347},
{"learn":[2.252656567],"iteration":44,"passed_time":0.6444992519,"remaining_time":13.67770634},
{"learn":[2.249846464],"iteration":45,"passed_time":0.6570906274,"remaining_time":13.62748823},
{"learn":[2.246816791],"iteration":46,"passed_time":0.6699189774,"remaining_time":13.58367629},
{"learn":[2.243946162],"iteration":47,"passed_time":0.6860162641,"remaining_time":13.60598924},
{"learn":[2.240785274],"iteration":48,"passed_time":0.6973182422,"remaining_time":13.53366629},
{"learn":[2.237891983],"iteration":49,"passed_time":0.7111388806,"remaining_time":13.51163873},
{"learn":[2.235113859],"iteration":50,"passed_time":0.7278050567,"remaining_time":13.54288233},
{"learn":[2.232731471],"iteration":51,"passed_time":0.7395786591,"remaining_time":13.48308786},
{"learn":[2.230513185],"iteration":52,"passed_time":0.7556776116,"remaining_time":13.50239053},
{"learn":[2.228596765],"iteration":53,"passed_time":0.7681270264,"remaining_time":13.45644754},
{"learn":[2.226446453],"iteration":54,"passed_time":0.7824816553,"remaining_time":13.44445753},
{"learn":[2.224247032],"iteration":55,"passed_time":0.7976424203,"remaining_time":13.44597223},
{"learn":[2.221877271],"iteration":56,"passed_time":0.8097490822,"remaining_time":13.39637517},
{"learn":[2.220249919],"iteration":57,"passed_time":0.8214350515,"remaining_time":13.34123825},
{"learn":[2.218585915],"iteration":58,"passed_time":0.8349185783,"remaining_time":13.31624377},
{"learn":[2.216992693],"iteration":59,"passed_time":0.8483418043,"remaining_time":13.29068827},
{"learn":[2.214971244],"iteration":60,"passed_time":0.8611887999,"remaining_time":13.25666038},
{"learn":[2.213560214],"iteration":61,"passed_time":0.8745418644,"remaining_time":13.23097208},
{"learn":[2.211698286],"iteration":62,"passed_time":0.8872530507,"remaining_time":13.19612871},
{"learn":[2.20983403],"iteration":63,"passed_time":0.8990125981,"remaining_time":13.14805925},
{"learn":[2.208497125],"iteration":64,"passed_time":0.9134226964,"remaining_time":13.13923417},
{"learn":[2.206717615],"iteration":65,"passed_time":0.9271555133,"remaining_time":13.12065529},
{"learn":[2.204877506],"iteration":66,"passed_time":0.9404833978,"remaining_time":13.09658224},
{"learn":[2.203225548],"iteration":67,"passed_time":0.9545657576,"remaining_time":13.08316597},
{"learn":[2.201881229],"iteration":68,"passed_time":0.9676172554,"remaining_time":13.05582123},
{"learn":[2.200298428],"iteration":69,"passed_time":0.9833434932,"remaining_time":13.06442069},
{"learn":[2.198378482],"iteration":70,"passed_time":0.9950521618,"remaining_time":13.01976702},
{"learn":[2.197025606],"iteration":71,"passed_time":1.008258196,"remaining_time":12.99532786},
{"learn":[2.195840392],"iteration":72,"passed_time":1.025763638,"remaining_time":13.02579304},
{"learn":[2.194145069],"iteration":73,"passed_time":1.038476108,"remaining_time":12.99498481},
{"learn":[2.192860057],"iteration":74,"passed_time":1.052889245,"remaining_time":12.98563402},
{"learn":[2.191374145],"iteration":75,"passed_time":1.067739693,"remaining_time":12.9814668},
{"learn":[2.190042598],"iteration":76,"passed_time":1.079895153,"remaining_time":12.94471723},
{"learn":[2.188538821],"iteration":77,"passed_time":1.095116803,"remaining_time":12.94484221},
{"learn":[2.187243175],"iteration":78,"passed_time":1.1078881,"remaining_time":12.9160119},
{"learn":[2.185912913],"iteration":79,"passed_time":1.122430844,"remaining_time":12.9079547},
{"learn":[2.184615221],"iteration":80,"passed_time":1.135354746,"remaining_time":12.88137051},
{"learn":[2.183038535],"iteration":81,"passed_time":1.152351986,"remaining_time":12.90072102},
{"learn":[2.181483267],"iteration":82,"passed_time":1.164068197,"remaining_time":12.86084984},
{"learn":[2.179957742],"iteration":83,"passed_time":1.176209703,"remaining_time":12.82628676},
{"learn":[2.17855478],"iteration":84,"passed_time":1.192932393,"remaining_time":12.84156634},
{"learn":[2.177363246],"iteration":85,"passed_time":1.212988508,"remaining_time":12.89152903},
{"learn":[2.176204302],"iteration":86,"passed_time":1.232042609,"remaining_time":12.92936669},
{"learn":[2.175024824],"iteration":87,"passed_time":1.249669184,"remaining_time":12.951117},
{"learn":[2.174004054],"iteration":88,"passed_time":1.268548889,"remaining_time":12.98480942},
{"learn":[2.172920245],"iteration":89,"passed_time":1.287932129,"remaining_time":13.02242486},
{"learn":[2.171899359],"iteration":90,"passed_time":1.30699216,"remaining_time":13.05555905},
{"learn":[2.170628334],"iteration":91,"passed_time":1.324032489,"remaining_time":13.067625},
{"learn":[2.169381814],"iteration":92,"passed_time":1.342102651,"remaining_time":13.08910865},
{"learn":[2.167976547],"iteration":93,"passed_time":1.364194515,"remaining_time":13.14851309},
{"learn":[2.167012442],"iteration":94,"passed_time":1.381982556,"remaining_time":13.16520224},
{"learn":[2.165632242],"iteration":95,"passed_time":1.399876641,"remaining_time":13.18217171},
{"learn":[2.164612664],"iteration":96,"passed_time":1.41409424,"remaining_time":13.1641969},
{"learn":[2.163491679],"iteration":97,"passed_time":1.429140492,"remaining_time":13.15392576},
{"learn":[2.162404258],"iteration":98,"passed_time":1.443613364,"remaining_time":13.13833981},
{"learn":[2.161108911],"iteration":99,"passed_time":1.459543659,"remaining_time":13.13589293},
{"learn":[2.160016392],"iteration":100,"passed_time":1.47289412,"remaining_time":13.11021597},
{"learn":[2.158808307],"iteration":101,"passed_time":1.48693522,"remaining_time":13.09086106},
{"learn":[2.157680504],"iteration":102,"passed_time":1.502361044,"remaining_time":13.08366851},
{"learn":[2.15672309],"iteration":103,"passed_time":1.514474972,"remaining_time":13.04778437},
{"learn":[2.155554337],"iteration":104,"passed_time":1.532915231,"remaining_time":13.06627745},
{"learn":[2.154513224],"iteration":105,"passed_time":1.546650211,"remaining_time":13.04438951},
{"learn":[2.153200527],"iteration":106,"passed_time":1.560938965,"remaining_time":13.02727566},
{"learn":[2.152092738],"iteration":107,"passed_time":1.575948755,"remaining_time":13.01616935},
{"learn":[2.151112849],"iteration":108,"passed_time":1.589827101,"remaining_time":12.99574263},
{"learn":[2.150160929],"iteration":109,"passed_time":1.604237018,"remaining_time":12.97973587},
{"learn":[2.148824107],"iteration":110,"passed_time":1.61727567,"remaining_time":12.95277541},
{"learn":[2.148166255],"iteration":111,"passed_time":1.631583679,"remaining_time":12.93612774},
{"learn":[2.147065848],"iteration":112,"passed_time":1.643255304,"remaining_time":12.89882703},
{"learn":[2.145934804],"iteration":113,"passed_time":1.654889549,"remaining_time":12.86168544},
{"learn":[2.14518536],"iteration":114,"passed_time":1.667391315,"remaining_time":12.8316636},
{"learn":[2.143850192],"iteration":115,"passed_time":1.681704008,"remaining_time":12.81574433},
{"learn":[2.142580602],"iteration":116,"passed_time":1.697475077,"remaining_time":12.81085892},
{"learn":[2.141456515],"iteration":117,"passed_time":1.713841919,"remaining_time":12.81024214},
{"learn":[2.140370067],"iteration":118,"passed_time":1.729531278,"remaining_time":12.80434501},
{"learn":[2.139183271],"iteration":119,"passed_time":1.748240781,"remaining_time":12.82043239},
{"learn":[2.138282705],"iteration":120,"passed_time":1.762612825,"remaining_time":12.80443531},
{"learn":[2.137371625],"iteration":121,"passed_time":1.778470281,"remaining_time":12.79915498},
{"learn":[2.136699766],"iteration":122,"passed_time":1.797605843,"remaining_time":12.8170758},
{"learn":[2.135721882],"iteration":123,"passed_time":1.818566683,"remaining_time":12.84729366},
{"learn":[2.134700973],"iteration":124,"passed_time":1.833560416,"remaining_time":12.83492291},
{"learn":[2.133789852],"iteration":125,"passed_time":1.851956698,"remaining_time":12.84611233},
{"learn":[2.132820608],"iteration":126,"passed_time":1.8682644,"remaining_time":12.84247891},
{"learn":[2.131950585],"iteration":127,"passed_time":1.884216386,"remaining_time":12.83622413},
{"learn":[2.130991219],"iteration":128,"passed_time":1.901646096,"remaining_time":12.83979651},
{"learn":[2.12993644],"iteration":129,"passed_time":1.921778042,"remaining_time":12.86112997},
{"learn":[2.128916657],"iteration":130,"passed_time":1.936195989,"remaining_time":12.84392606},
{"learn":[2.127819711],"iteration":131,"passed_time":1.953310535,"remaining_time":12.84449655},
{"learn":[2.126616358],"iteration":132,"passed_time":1.97191176,"remaining_time":12.85449245},
{"learn":[2.125597138],"iteration":133,"passed_time":1.987676841,"remaining_time":12.84573242},
{"learn":[2.124567168],"iteration":134,"passed_time":2.004285791,"remaining_time":12.84227563},
{"learn":[2.123773898],"iteration":135,"passed_time":2.021340564,"remaining_time":12.8414577},
{"learn":[2.12292608],"iteration":136,"passed_time":2.04049999,"remaining_time":12.85366052},
{"learn":[2.122246962],"iteration":137,"passed_time":2.0556604,"remaining_time":12.84042946},
{"learn":[2.121467598],"iteration":138,"passed_time":2.070310408,"remaining_time":12.82400908},
{"learn":[2.120677193],"iteration":139,"passed_time":2.090045565,"remaining_time":12.83885133},
{"learn":[2.119647922],"iteration":140,"passed_time":2.102258445,"remaining_time":12.80737592},
{"learn":[2.118621697],"iteration":141,"passed_time":2.119524316,"remaining_time":12.80670326},
{"learn":[2.117762377],"iteration":142,"passed_time":2.139482876,"remaining_time":12.82193584},
{"learn":[2.116947673],"iteration":143,"passed_time":2.155547363,"remaining_time":12.81353154},
{"learn":[2.116109439],"iteration":144,"passed_time":2.17143888,"remaining_time":12.80400167},
{"learn":[2.114989607],"iteration":145,"passed_time":2.183980354,"remaining_time":12.7747892},
{"learn":[2.113997346],"iteration":146,"passed_time":2.200155731,"remaining_time":12.76689006},
{"learn":[2.113061792],"iteration":147,"passed_time":2.214071041,"remaining_time":12.74586843},
{"learn":[2.11197395],"iteration":148,"passed_time":2.226335898,"remaining_time":12.71551577},
{"learn":[2.111192488],"iteration":149,"passed_time":2.239055901,"remaining_time":12.68798344},
{"learn":[2.110341833],"iteration":150,"passed_time":2.251957365,"remaining_time":12.66166757},
{"learn":[2.109568394],"iteration":151,"passed_time":2.264763545,"remaining_time":12.63499662},
{"learn":[2.108698014],"iteration":152,"passed_time":2.277610571,"remaining_time":12.60873303},
{"learn":[2.10796384],"iteration":153,"passed_time":2.291254227,"remaining_time":12.58701998},
{"learn":[2.106858668],"iteration":154,"passed_time":2.303181409,"remaining_time":12.55605349},
{"learn":[2.106002942],"iteration":155,"passed_time":2.315798689,"remaining_time":12.5290647},
{"learn":[2.104972132],"iteration":156,"passed_time":2.331522475,"remaining_time":12.51893915},
{"learn":[2.103743224],"iteration":157,"passed_time":2.345777793,"remaining_time":12.5009171},
{"learn":[2.102732363],"iteration":158,"passed_time":2.359644824,"remaining_time":12.48088866},
{"learn":[2.101680248],"iteration":159,"passed_time":2.372896357,"remaining_time":12.45770588},
{"learn":[2.100599725],"iteration":160,"passed_time":2.385967344,"remaining_time":12.4337056},
{"learn":[2.09966814],"iteration":161,"passed_time":2.399729594,"remaining_time":12.41341605},
{"learn":[2.098762159],"iteration":162,"passed_time":2.413017149,"remaining_time":12.39076904},
{"learn":[2.097708863],"iteration":163,"passed_time":2.4262333,"remaining_time":12.36787219},
{"learn":[2.096690472],"iteration":164,"passed_time":2.437227372,"remaining_time":12.33384761},
{"learn":[2.095742298],"iteration":165,"passed_time":2.449721389,"remaining_time":12.30763638},
{"learn":[2.094806239],"iteration":166,"passed_time":2.461517591,"remaining_time":12.2781087},
{"learn":[2.093551591],"iteration":167,"passed_time":2.47667126,"remaining_time":12.26541957},
{"learn":[2.092595815],"iteration":168,"passed_time":2.490618805,"remaining_time":12.24677057},
{"learn":[2.091545534],"iteration":169,"passed_time":2.50220325,"remaining_time":12.2166394},
{"learn":[2.090521287],"iteration":170,"passed_time":2.514174327,"remaining_time":12.18859952},
{"learn":[2.089544203],"iteration":171,"passed_time":2.527083485,"remaining_time":12.16526236},
{"learn":[2.088617058],"iteration":172,"passed_time":2.541711594,"remaining_time":12.15026294},
{"learn":[2.08765857],"iteration":173,"passed_time":2.553400321,"remaining_time":12.12131417},
{"learn":[2.08679786],"iteration":174,"passed_time":2.569966791,"remaining_time":12.11555773},
{"learn":[2.085836016],"iteration":175,"passed_time":2.584552911,"remaining_time":12.10040681},
{"learn":[2.085034147],"iteration":176,"passed_time":2.597870141,"remaining_time":12.07936229},
{"learn":[2.084126966],"iteration":177,"passed_time":2.608970477,"remaining_time":12.04816703},
{"learn":[2.083243547],"iteration":178,"passed_time":2.625203759,"remaining_time":12.04073903},
{"learn":[2.082205817],"iteration":179,"passed_time":2.63927559,"remaining_time":12.02336658},
{"learn":[2.081315564],"iteration":180,"passed_time":2.652680484,"remaining_time":12.0030128},
{"learn":[2.080349291],"iteration":181,"passed_time":2.663842802,"remaining_time":11.97265611},
{"learn":[2.079311159],"iteration":182,"passed_time":2.677312807,"remaining_time":11.95281182},
{"learn":[2.078611323],"iteration":183,"passed_time":2.68901814,"remaining_time":11.92521088},
{"learn":[2.07765177],"iteration":184,"passed_time":2.702479373,"remaining_time":11.90551724},
{"learn":[2.076771809],"iteration":185,"passed_time":2.715409713,"remaining_time":11.88356724},
{"learn":[2.075763756],"iteration":186,"passed_time":2.731559185,"remaining_time":11.87570918},
{"learn":[2.074912831],"iteration":187,"passed_time":2.743733446,"remaining_time":11.8505934},
{"learn":[2.074056319],"iteration":188,"passed_time":2.757663563,"remaining_time":11.83314894},
{"learn":[2.073183227],"iteration":189,"passed_time":2.773313852,"remaining_time":11.82307484},
{"learn":[2.072338524],"iteration":190,"passed_time":2.785707778,"remaining_time":11.7991497},
{"learn":[2.071488254],"iteration":191,"passed_time":2.798944572,"remaining_time":11.77889174},
{"learn":[2.070657964],"iteration":192,"passed_time":2.811684165,"remaining_time":11.75662757},
{"learn":[2.069780683],"iteration":193,"passed_time":2.826357268,"remaining_time":11.74249463},
{"learn":[2.069024992],"iteration":194,"passed_time":2.837730439,"remaining_time":11.71473335},
{"learn":[2.067994314],"iteration":195,"passed_time":2.850039893,"remaining_time":11.69097997},
{"learn":[2.06722378],"iteration":196,"passed_time":2.86166982,"remaining_time":11.66457292},
{"learn":[2.066452407],"iteration":197,"passed_time":2.87682438,"remaining_time":11.65259168},
{"learn":[2.065652246],"iteration":198,"passed_time":2.889645328,"remaining_time":11.63118547},
{"learn":[2.064777234],"iteration":199,"passed_time":2.90052201,"remaining_time":11.60208804},
{"learn":[2.063866134],"iteration":200,"passed_time":2.913177281,"remaining_time":11.58024203},
{"learn":[2.062955576],"iteration":201,"passed_time":2.927536036,"remaining_time":11.56521662},
{"learn":[2.062179635],"iteration":202,"passed_time":2.939805208,"remaining_time":11.54199385},
{"learn":[2.061257699],"iteration":203,"passed_time":2.951970283,"remaining_time":11.51847228},
{"learn":[2.060479905],"iteration":204,"passed_time":2.963138831,"remaining_time":11.49119693},
{"learn":[2.059554921],"iteration":205,"passed_time":2.978395954,"remaining_time":11.47983683},
{"learn":[2.058703926],"iteration":206,"passed_time":2.991397846,"remaining_time":11.45979948},
{"learn":[2.057869268],"iteration":207,"passed_time":3.005678414,"remaining_time":11.44469858},
{"learn":[2.057088797],"iteration":208,"passed_time":3.02279344,"remaining_time":11.44033307},
{"learn":[2.056344051],"iteration":209,"passed_time":3.034474472,"remaining_time":11.41540397},
{"learn":[2.055566684],"iteration":210,"passed_time":3.046323335,"remaining_time":11.39122802},
{"learn":[2.054840828],"iteration":211,"passed_time":3.058741475,"remaining_time":11.36928435},
{"learn":[2.054053314],"iteration":212,"passed_time":3.073241778,"remaining_time":11.35512338},
{"learn":[2.053319358],"iteration":213,"passed_time":3.08662627,"remaining_time":11.33686097},
{"learn":[2.052276369],"iteration":214,"passed_time":3.099425448,"remaining_time":11.31650687},
{"learn":[2.051550798],"iteration":215,"passed_time":3.112971342,"remaining_time":11.29893302},
{"learn":[2.050776583],"iteration":216,"passed_time":3.126260316,"remaining_time":11.28046925},
{"learn":[2.049911615],"iteration":217,"passed_time":3.141279151,"remaining_time":11.26825824},
{"learn":[2.048830574],"iteration":218,"passed_time":3.155509972,"remaining_time":11.25321136},
{"learn":[2.048170826],"iteration":219,"passed_time":3.169729747,"remaining_time":11.23813274},
{"learn":[2.047215027],"iteration":220,"passed_time":3.181756712,"remaining_time":11.21533248},
{"learn":[2.046510811],"iteration":221,"passed_time":3.19850168,"remaining_time":11.20916354},
{"learn":[2.04574328],"iteration":222,"passed_time":3.21364674,"remaining_time":11.19732519},
{"learn":[2.045047204],"iteration":223,"passed_time":3.228407727,"remaining_time":11.18412677},
{"learn":[2.04434723],"iteration":224,"passed_time":3.240339458,"remaining_time":11.16116924},
{"learn":[2.043621034],"iteration":225,"passed_time":3.2545614,"remaining_time":11.14615276},
{"learn":[2.042900035],"iteration":226,"passed_time":3.268577992,"remaining_time":11.130444},
{"learn":[2.041965222],"iteration":227,"passed_time":3.282106909,"remaining_time":11.11309883},
{"learn":[2.041093733],"iteration":228,"passed_time":3.29590861,"remaining_time":11.09670541},
{"learn":[2.040427241],"iteration":229,"passed_time":3.30732164,"remaining_time":11.07233767},
{"learn":[2.039767254],"iteration":230,"passed_time":3.319013585,"remaining_time":11.04901059},
{"learn":[2.039003995],"iteration":231,"passed_time":3.332369142,"remaining_time":11.03129095},
{"learn":[2.038372227],"iteration":232,"passed_time":3.344022911,"remaining_time":11.00800675},
{"learn":[2.037622993],"iteration":233,"passed_time":3.357536107,"remaining_time":10.99090879},
{"learn":[2.03674039],"iteration":234,"passed_time":3.370297943,"remaining_time":10.97139543},
{"learn":[2.035989055],"iteration":235,"passed_time":3.383408435,"remaining_time":10.95306799},
{"learn":[2.035268526],"iteration":236,"passed_time":3.395943178,"remaining_time":10.93293099},
{"learn":[2.034635483],"iteration":237,"passed_time":3.409447437,"remaining_time":10.91596196},
{"learn":[2.033889666],"iteration":238,"passed_time":3.424060001,"remaining_time":10.90255088},
{"learn":[2.033248727],"iteration":239,"passed_time":3.437089567,"remaining_time":10.88411696},
{"learn":[2.032517034],"iteration":240,"passed_time":3.448975926,"remaining_time":10.8621275},
{"learn":[2.031908731],"iteration":241,"passed_time":3.462744357,"remaining_time":10.84611662},
{"learn":[2.031218374],"iteration":242,"passed_time":3.475987419,"remaining_time":10.82848756},
{"learn":[2.030518684],"iteration":243,"passed_time":3.488802427,"remaining_time":10.80956817},
{"learn":[2.02983178],"iteration":244,"passed_time":3.501385769,"remaining_time":10.78998472},
{"learn":[2.029107732],"iteration":245,"passed_time":3.515197569,"remaining_time":10.77422344},
{"learn":[2.028458501],"iteration":246,"passed_time":3.529745469,"remaining_time":10.76072202},
{"learn":[2.027774889],"iteration":247,"passed_time":3.543014793,"remaining_time":10.74333518},
{"learn":[2.027136293],"iteration":248,"passed_time":3.557280441,"remaining_time":10.72898639},
{"learn":[2.026427985],"iteration":249,"passed_time":3.569927414,"remaining_time":10.70978224},
{"learn":[2.025842353],"iteration":250,"passed_time":3.582873242,"remaining_time":10.69152214},
{"learn":[2.025091104],"iteration":251,"passed_time":3.596898412,"remaining_time":10.67650799},
{"learn":[2.024396907],"iteration":252,"passed_time":3.613905764,"remaining_time":10.67030674},
{"learn":[2.023755196],"iteration":253,"passed_time":3.627953799,"remaining_time":10.65532887},
{"learn":[2.023163333],"iteration":254,"passed_time":3.640352431,"remaining_time":10.63553945},
{"learn":[2.022359684],"iteration":255,"passed_time":3.65445858,"remaining_time":10.62077025},
{"learn":[2.021602085],"iteration":256,"passed_time":3.666100505,"remaining_time":10.598882},
{"learn":[2.020990766],"iteration":257,"passed_time":3.678827139,"remaining_time":10.58019278},
{"learn":[2.020331214],"iteration":258,"passed_time":3.69210226,"remaining_time":10.56311882},
{"learn":[2.019771616],"iteration":259,"passed_time":3.707294627,"remaining_time":10.55153086},
{"learn":[2.019136922],"iteration":260,"passed_time":3.723341963,"remaining_time":10.54233606},
{"learn":[2.018132794],"iteration":261,"passed_time":3.735565206,"remaining_time":10.52231726},
{"learn":[2.017569794],"iteration":262,"passed_time":3.74768371,"remaining_time":10.50206424},
{"learn":[2.016929689],"iteration":263,"passed_time":3.761197206,"remaining_time":10.48576191},
{"learn":[2.016325456],"iteration":264,"passed_time":3.773693094,"remaining_time":10.4666582},
{"learn":[2.015724256],"iteration":265,"passed_time":3.78484393,"remaining_time":10.44389265},
{"learn":[2.015089736],"iteration":266,"passed_time":3.79864745,"remaining_time":10.42849656},
{"learn":[2.014303075],"iteration":267,"passed_time":3.811692707,"remaining_time":10.41104127},
{"learn":[2.013570226],"iteration":268,"passed_time":3.829550706,"remaining_time":10.40669727},
{"learn":[2.01287411],"iteration":269,"passed_time":3.847284013,"remaining_time":10.40191604},
{"learn":[2.012298966],"iteration":270,"passed_time":3.859822537,"remaining_time":10.38306505},
{"learn":[2.011604965],"iteration":271,"passed_time":3.873757186,"remaining_time":10.36799717},
{"learn":[2.011007855],"iteration":272,"passed_time":3.886892251,"remaining_time":10.3508083},
{"learn":[2.010473253],"iteration":273,"passed_time":3.901268244,"remaining_time":10.33693703},
{"learn":[2.009798935],"iteration":274,"passed_time":3.916936892,"remaining_time":10.32646999},
{"learn":[2.009243063],"iteration":275,"passed_time":3.931639692,"remaining_time":10.31343166},
{"learn":[2.008363514],"iteration":276,"passed_time":3.943794258,"remaining_time":10.29373014},
{"learn":[2.007786566],"iteration":277,"passed_time":3.956936416,"remaining_time":10.27664781},
{"learn":[2.007121566],"iteration":278,"passed_time":3.971197183,"remaining_time":10.26248448},
{"learn":[2.006392482],"iteration":279,"passed_time":3.984466641,"remaining_time":10.24577136},
{"learn":[2.005829496],"iteration":280,"passed_time":3.996967403,"remaining_time":10.22711588},
{"learn":[2.005117778],"iteration":281,"passed_time":4.007448245,"remaining_time":10.20336113},
{"learn":[2.004552989],"iteration":282,"passed_time":4.017463371,"remaining_time":10.17852027},
{"learn":[2.004042686],"iteration":283,"passed_time":4.030522941,"remaining_time":10.16145924},
{"learn":[2.003470105],"iteration":284,"passed_time":4.04614413,"remaining_time":10.15085282},
{"learn":[2.002926826],"iteration":285,"passed_time":4.05940933,"remaining_time":10.13432958},
{"learn":[2.002420204],"iteration":286,"passed_time":4.072093528,"remaining_time":10.11638566},
{"learn":[2.001797965],"iteration":287,"passed_time":4.086619841,"remaining_time":10.10303238},
{"learn":[2.001215646],"iteration":288,"passed_time":4.100174152,"remaining_time":10.08727966},
{"learn":[2.000490522],"iteration":289,"passed_time":4.112436319,"remaining_time":10.06837858},
{"learn":[1.999945215],"iteration":290,"passed_time":4.124259,"remaining_time":10.04845234},
{"learn":[1.999224349],"iteration":291,"passed_time":4.136222422,"remaining_time":10.02892286},
{"learn":[1.998672298],"iteration":292,"passed_time":4.147124206,"remaining_time":10.00688332},
{"learn":[1.998001164],"iteration":293,"passed_time":4.161281117,"remaining_time":9.992736289},
{"learn":[1.99715271],"iteration":294,"passed_time":4.175298009,"remaining_time":9.978254565},
{"learn":[1.996652672],"iteration":295,"passed_time":4.187310166,"remaining_time":9.959007963},
{"learn":[1.996085422],"iteration":296,"passed_time":4.20411862,"remaining_time":9.951162928},
{"learn":[1.99552638],"iteration":297,"passed_time":4.216988903,"remaining_time":9.933980569},
{"learn":[1.994956638],"iteration":298,"passed_time":4.229068496,"remaining_time":9.914973296},
{"learn":[1.994410924],"iteration":299,"passed_time":4.242656756,"remaining_time":9.899532432},
{"learn":[1.993900234],"iteration":300,"passed_time":4.255151637,"remaining_time":9.881564764},
{"learn":[1.993414313],"iteration":301,"passed_time":4.270341278,"remaining_time":9.869861628},
{"learn":[1.992915373],"iteration":302,"passed_time":4.284077055,"remaining_time":9.854791113},
{"learn":[1.992360172],"iteration":303,"passed_time":4.300063233,"remaining_time":9.844881611},
{"learn":[1.991841573],"iteration":304,"passed_time":4.312012467,"remaining_time":9.825733327},
{"learn":[1.991121113],"iteration":305,"passed_time":4.325849763,"remaining_time":9.810914168},
{"learn":[1.990442291],"iteration":306,"passed_time":4.33955951,"remaining_time":9.795813487},
{"learn":[1.98992446],"iteration":307,"passed_time":4.352270962,"remaining_time":9.778478916},
{"learn":[1.989330292],"iteration":308,"passed_time":4.366644834,"remaining_time":9.764891845},
{"learn":[1.988767659],"iteration":309,"passed_time":4.378576495,"remaining_time":9.745863812},
{"learn":[1.988234779],"iteration":310,"passed_time":4.391127717,"remaining_time":9.72825401},
{"learn":[1.987756399],"iteration":311,"passed_time":4.402748834,"remaining_time":9.708625634},
{"learn":[1.987171096],"iteration":312,"passed_time":4.416864667,"remaining_time":9.694524046},
{"learn":[1.986594236],"iteration":313,"passed_time":4.432888035,"remaining_time":9.684589784},
{"learn":[1.986085874],"iteration":314,"passed_time":4.445219423,"remaining_time":9.666588269},
{"learn":[1.985497174],"iteration":315,"passed_time":4.459213677,"remaining_time":9.65222201},
{"learn":[1.984998593],"iteration":316,"passed_time":4.473761106,"remaining_time":9.639049953},
{"learn":[1.984410812],"iteration":317,"passed_time":4.487834901,"remaining_time":9.624853467},
{"learn":[1.983836896],"iteration":318,"passed_time":4.500475638,"remaining_time":9.607598463},
{"learn":[1.983035195],"iteration":319,"passed_time":4.513994007,"remaining_time":9.592237264},
{"learn":[1.982420237],"iteration":320,"passed_time":4.53073273,"remaining_time":9.58369945},
{"learn":[1.981807686],"iteration":321,"passed_time":4.546620169,"remaining_time":9.573318243},
{"learn":[1.981153605],"iteration":322,"passed_time":4.562107687,"remaining_time":9.562064719},
{"learn":[1.980644527],"iteration":323,"passed_time":4.574611763,"remaining_time":9.544560344},
{"learn":[1.979978976],"iteration":324,"passed_time":4.589894368,"remaining_time":9.532857534},
{"learn":[1.979412346],"iteration":325,"passed_time":4.603117865,"remaining_time":9.516875586},
{"learn":[1.97893886],"iteration":326,"passed_time":4.615716854,"remaining_time":9.499625207},
{"learn":[1.978393151],"iteration":327,"passed_time":4.627826878,"remaining_time":9.481401409},
{"learn":[1.977769439],"iteration":328,"passed_time":4.639547354,"remaining_time":9.462420287},
{"learn":[1.977244657],"iteration":329,"passed_time":4.65219524,"remaining_time":9.445366094},
{"learn":[1.97674508],"iteration":330,"passed_time":4.664580343,"remaining_time":9.427807399},
{"learn":[1.976263352],"iteration":331,"passed_time":4.676322263,"remaining_time":9.408985759},
{"learn":[1.975707255],"iteration":332,"passed_time":4.688411594,"remaining_time":9.390902502},
{"learn":[1.975154175],"iteration":333,"passed_time":4.702629867,"remaining_time":9.377100274},
{"learn":[1.974532146],"iteration":334,"passed_time":4.717826854,"remaining_time":9.365238382},
{"learn":[1.973983163],"iteration":335,"passed_time":4.730013608,"remaining_time":9.347407844},
{"learn":[1.973374115],"iteration":336,"passed_time":4.744986997,"remaining_time":9.335093112},
{"learn":[1.972777998],"iteration":337,"passed_time":4.758198611,"remaining_time":9.319312073},
{"learn":[1.972258074],"iteration":338,"passed_time":4.769990614,"remaining_time":9.300778159},
{"learn":[1.971847231],"iteration":339,"passed_time":4.780532181,"remaining_time":9.279856586},
{"learn":[1.971381526],"iteration":340,"passed_time":4.793832366,"remaining_time":9.264327065},
{"learn":[1.970798951],"iteration":341,"passed_time":4.805444712,"remaining_time":9.245563217},
{"learn":[1.970213107],"iteration":342,"passed_time":4.816107968,"remaining_time":9.225023133},
{"learn":[1.969744787],"iteration":343,"passed_time":4.832240682,"remaining_time":9.214970604},
{"learn":[1.969170192],"iteration":344,"passed_time":4.846454699,"remaining_time":9.201240081},
{"learn":[1.968663437],"iteration":345,"passed_time":4.861205143,"remaining_time":9.188520703},
{"learn":[1.968075949],"iteration":346,"passed_time":4.873888616,"remaining_time":9.171899902},
{"learn":[1.967566043],"iteration":347,"passed_time":4.890924999,"remaining_time":9.163457183},
{"learn":[1.967102575],"iteration":348,"passed_time":4.903762095,"remaining_time":9.147132161},
{"learn":[1.966644236],"iteration":349,"passed_time":4.915978675,"remaining_time":9.129674681},
{"learn":[1.966235956],"iteration":350,"passed_time":4.931668799,"remaining_time":9.11866966},
{"learn":[1.965698679],"iteration":351,"passed_time":4.94329243,"remaining_time":9.100151973},
{"learn":[1.965232128],"iteration":352,"passed_time":4.956501642,"remaining_time":9.084579498},
{"learn":[1.964722832],"iteration":353,"passed_time":4.970864284,"remaining_time":9.071125219},
{"learn":[1.964178757],"iteration":354,"passed_time":4.984911802,"remaining_time":9.057093275},
{"learn":[1.963592031],"iteration":355,"passed_time":4.99848003,"remaining_time":9.042194211},
{"learn":[1.963143974],"iteration":356,"passed_time":5.010744362,"remaining_time":9.02495413},
{"learn":[1.962702261],"iteration":357,"passed_time":5.023645244,"remaining_time":9.008883371},
{"learn":[1.9621923],"iteration":358,"passed_time":5.035288274,"remaining_time":8.990584356},
{"learn":[1.961700646],"iteration":359,"passed_time":5.048825993,"remaining_time":8.975690654},
{"learn":[1.961138615],"iteration":360,"passed_time":5.062058875,"remaining_time":8.960264878},
{"learn":[1.960707574],"iteration":361,"passed_time":5.075737841,"remaining_time":8.945637411},
{"learn":[1.960039943],"iteration":362,"passed_time":5.087394326,"remaining_time":8.927466075},
{"learn":[1.959448434],"iteration":363,"passed_time":5.104474585,"remaining_time":8.918807242},
{"learn":[1.958923534],"iteration":364,"passed_time":5.119287943,"remaining_time":8.906158476},
{"learn":[1.958415036],"iteration":365,"passed_time":5.136872993,"remaining_time":8.898299119},
{"learn":[1.958016842],"iteration":366,"passed_time":5.151141225,"remaining_time":8.884665927},
{"learn":[1.957434656],"iteration":367,"passed_time":5.16590787,"remaining_time":8.871885255},
{"learn":[1.956988417],"iteration":368,"passed_time":5.182459205,"remaining_time":8.862145687},
{"learn":[1.956247953],"iteration":369,"passed_time":5.199772321,"remaining_time":8.853666385},
{"learn":[1.955866172],"iteration":370,"passed_time":5.216430796,"remaining_time":8.84402957},
{"learn":[1.95526562],"iteration":371,"passed_time":5.230476211,"remaining_time":8.82994371},
{"learn":[1.954795606],"iteration":372,"passed_time":5.245355515,"remaining_time":8.817259806},
{"learn":[1.954228128],"iteration":373,"passed_time":5.259882825,"remaining_time":8.803974996},
{"learn":[1.953703555],"iteration":374,"passed_time":5.274563055,"remaining_time":8.790938425},
{"learn":[1.95331909],"iteration":375,"passed_time":5.287799036,"remaining_time":8.775496273},
{"learn":[1.95277814],"iteration":376,"passed_time":5.300838095,"remaining_time":8.759740406},
{"learn":[1.952210011],"iteration":377,"passed_time":5.315704687,"remaining_time":8.747006126},
{"learn":[1.951703277],"iteration":378,"passed_time":5.330361592,"remaining_time":8.733917014},
{"learn":[1.95136915],"iteration":379,"passed_time":5.34663607,"remaining_time":8.723458851},
{"learn":[1.950839002],"iteration":380,"passed_time":5.361853587,"remaining_time":8.711252941},
{"learn":[1.950373657],"iteration":381,"passed_time":5.374203555,"remaining_time":8.694392139},
{"learn":[1.949892725],"iteration":382,"passed_time":5.388388295,"remaining_time":8.680510648},
{"learn":[1.949502842],"iteration":383,"passed_time":5.40770119,"remaining_time":8.674853992},
{"learn":[1.949031952],"iteration":384,"passed_time":5.422253677,"remaining_time":8.661522107},
{"learn":[1.948643623],"iteration":385,"passed_time":5.436043155,"remaining_time":8.6469702},
{"learn":[1.948240028],"iteration":386,"passed_time":5.447791151,"remaining_time":8.629188567},
{"learn":[1.947603911],"iteration":387,"passed_time":5.463236435,"remaining_time":8.617269841},
{"learn":[1.947142945],"iteration":388,"passed_time":5.47717661,"remaining_time":8.602968917},
{"learn":[1.946424641],"iteration":389,"passed_time":5.491279098,"remaining_time":8.588923718},
{"learn":[1.945900698],"iteration":390,"passed_time":5.505183362,"remaining_time":8.574569482},
{"learn":[1.945398016],"iteration":391,"passed_time":5.521538517,"remaining_time":8.564018924},
{"learn":[1.944953363],"iteration":392,"passed_time":5.534705596,"remaining_time":8.548514751},
{"learn":[1.944411003],"iteration":393,"passed_time":5.550140632,"remaining_time":8.536510718},
{"learn":[1.943915517],"iteration":394,"passed_time":5.564157828,"remaining_time":8.522317686},
{"learn":[1.943392624],"iteration":395,"passed_time":5.577857728,"remaining_time":8.507641585},
{"learn":[1.942888781],"iteration":396,"passed_time":5.590010338,"remaining_time":8.490620236},
{"learn":[1.942336643],"iteration":397,"passed_time":5.605646711,"remaining_time":8.478892765},
{"learn":[1.941945347],"iteration":398,"passed_time":5.617594359,"remaining_time":8.461589498},
{"learn":[1.941548628],"iteration":399,"passed_time":5.629593327,"remaining_time":8.44438999},
{"learn":[1.941026185],"iteration":400,"passed_time":5.644202939,"remaining_time":8.43111611},
{"learn":[1.940680253],"iteration":401,"passed_time":5.65749793,"remaining_time":8.415880006},
{"learn":[1.940232475],"iteration":402,"passed_time":5.674814506,"remaining_time":8.406611068},
{"learn":[1.939865262],"iteration":403,"passed_time":5.689406729,"remaining_time":8.393283194},
{"learn":[1.93941534],"iteration":404,"passed_time":5.702592556,"remaining_time":8.377882891},
{"learn":[1.939049925],"iteration":405,"passed_time":5.718515269,"remaining_time":8.366497709},
{"learn":[1.938538004],"iteration":406,"passed_time":5.729491062,"remaining_time":8.347882555},
{"learn":[1.938074296],"iteration":407,"passed_time":5.740508555,"remaining_time":8.329365354},
{"learn":[1.937687389],"iteration":408,"passed_time":5.754766964,"remaining_time":8.315567912},
{"learn":[1.937221221],"iteration":409,"passed_time":5.768874008,"remaining_time":8.301550402},
{"learn":[1.936823822],"iteration":410,"passed_time":5.781454401,"remaining_time":8.285344628},
{"learn":[1.936419777],"iteration":411,"passed_time":5.795106545,"remaining_time":8.270686039},
{"learn":[1.935899455],"iteration":412,"passed_time":5.80887941,"remaining_time":8.256203907},
{"learn":[1.935542308],"iteration":413,"passed_time":5.82251394,"remaining_time":8.241529393},
{"learn":[1.935015013],"iteration":414,"passed_time":5.83371503,"remaining_time":8.22342962},
{"learn":[1.934576987],"iteration":415,"passed_time":5.845183031,"remaining_time":8.205737717},
{"learn":[1.93401946],"iteration":416,"passed_time":5.858954235,"remaining_time":8.191295729},
{"learn":[1.933477568],"iteration":417,"passed_time":5.872948927,"remaining_time":8.177168124},
{"learn":[1.932936443],"iteration":418,"passed_time":5.889637493,"remaining_time":8.166776571},
{"learn":[1.932461463],"iteration":419,"passed_time":5.903427184,"remaining_time":8.152351826},
{"learn":[1.932046794],"iteration":420,"passed_time":5.913741249,"remaining_time":8.133150079},
{"learn":[1.931589885],"iteration":421,"passed_time":5.925387917,"remaining_time":8.115815677},
{"learn":[1.931228627],"iteration":422,"passed_time":5.937155823,"remaining_time":8.098673546},
{"learn":[1.930750944],"iteration":423,"passed_time":5.949361644,"remaining_time":8.082151668},
{"learn":[1.930266445],"iteration":424,"passed_time":5.961388007,"remaining_time":8.065407303},
{"learn":[1.929814749],"iteration":425,"passed_time":5.97377834,"remaining_time":8.04917551},
{"learn":[1.929420698],"iteration":426,"passed_time":5.994733031,"remaining_time":8.044454395},
{"learn":[1.929062002],"iteration":427,"passed_time":6.011881538,"remaining_time":8.034570653},
{"learn":[1.928472316],"iteration":428,"passed_time":6.027999655,"remaining_time":8.023281592},
{"learn":[1.927890971],"iteration":429,"passed_time":6.043151053,"remaining_time":8.010688605},
{"learn":[1.92727341],"iteration":430,"passed_time":6.058668792,"remaining_time":7.998567384},
{"learn":[1.926737372],"iteration":431,"passed_time":6.072563261,"remaining_time":7.98429614},
{"learn":[1.926293127],"iteration":432,"passed_time":6.086463145,"remaining_time":7.970033726},
{"learn":[1.925970253],"iteration":433,"passed_time":6.09771263,"remaining_time":7.952316472},
{"learn":[1.925467437],"iteration":434,"passed_time":6.112087221,"remaining_time":7.938688},
{"learn":[1.924856227],"iteration":435,"passed_time":6.123831551,"remaining_time":7.921653657},
{"learn":[1.924461337],"iteration":436,"passed_time":6.136625311,"remaining_time":7.905995538},
{"learn":[1.924045471],"iteration":437,"passed_time":6.155976388,"remaining_time":7.898764224},
{"learn":[1.923504109],"iteration":438,"passed_time":6.171816225,"remaining_time":7.886990666},
{"learn":[1.923121695],"iteration":439,"passed_time":6.185584012,"remaining_time":7.87256147},
{"learn":[1.922764704],"iteration":440,"passed_time":6.201326004,"remaining_time":7.860637724},
{"learn":[1.922334226],"iteration":441,"passed_time":6.216507613,"remaining_time":7.847989249},
{"learn":[1.921837599],"iteration":442,"passed_time":6.230380131,"remaining_time":7.833683371},
{"learn":[1.921413333],"iteration":443,"passed_time":6.24716783,"remaining_time":7.823029985},
{"learn":[1.920944586],"iteration":444,"passed_time":6.260497142,"remaining_time":7.808035761},
{"learn":[1.920427328],"iteration":445,"passed_time":6.276290787,"remaining_time":7.796110081},
{"learn":[1.920021919],"iteration":446,"passed_time":6.291624927,"remaining_time":7.783598624},
{"learn":[1.919548062],"iteration":447,"passed_time":6.30535966,"remaining_time":7.769103867},
{"learn":[1.918990251],"iteration":448,"passed_time":6.317671918,"remaining_time":7.752866875},
{"learn":[1.918595461],"iteration":449,"passed_time":6.332275046,"remaining_time":7.739447279},
{"learn":[1.918151335],"iteration":450,"passed_time":6.346007843,"remaining_time":7.724962985},
{"learn":[1.917785005],"iteration":451,"passed_time":6.358038832,"remaining_time":7.708418761},
{"learn":[1.917329112],"iteration":452,"passed_time":6.370033403,"remaining_time":7.691850488},
{"learn":[1.916836545],"iteration":453,"passed_time":6.383933505,"remaining_time":7.677594039},
{"learn":[1.916391704],"iteration":454,"passed_time":6.395340571,"remaining_time":7.660352992},
{"learn":[1.915974618],"iteration":455,"passed_time":6.408075098,"remaining_time":7.64472117},
{"learn":[1.915536571],"iteration":456,"passed_time":6.421332328,"remaining_time":7.629723095},
{"learn":[1.915179775],"iteration":457,"passed_time":6.433324571,"remaining_time":7.613235628},
{"learn":[1.91484157],"iteration":458,"passed_time":6.444028117,"remaining_time":7.595248826},
{"learn":[1.914419574],"iteration":459,"passed_time":6.456877978,"remaining_time":7.579813279},
{"learn":[1.914017114],"iteration":460,"passed_time":6.468151184,"remaining_time":7.562545527},
{"learn":[1.913496408],"iteration":461,"passed_time":6.480656252,"remaining_time":7.546738233},
{"learn":[1.913136709],"iteration":462,"passed_time":6.494730267,"remaining_time":7.53276491},
{"learn":[1.912699954],"iteration":463,"passed_time":6.511487501,"remaining_time":7.521890734},
{"learn":[1.912284543],"iteration":464,"passed_time":6.526431053,"remaining_time":7.508904544},
{"learn":[1.91189158],"iteration":465,"passed_time":6.540417315,"remaining_time":7.494812975},
{"learn":[1.911572561],"iteration":466,"passed_time":6.552480414,"remaining_time":7.478526896},
{"learn":[1.91118685],"iteration":467,"passed_time":6.565417417,"remaining_time":7.463252278},
{"learn":[1.910626577],"iteration":468,"passed_time":6.578471633,"remaining_time":7.448120335},
{"learn":[1.910170309],"iteration":469,"passed_time":6.59202348,"remaining_time":7.433558392},
{"learn":[1.909699231],"iteration":470,"passed_time":6.604304649,"remaining_time":7.417573587},
{"learn":[1.909099556],"iteration":471,"passed_time":6.615006945,"remaining_time":7.399838277},
{"learn":[1.908708584],"iteration":472,"passed_time":6.625662006,"remaining_time":7.382080079},
{"learn":[1.908119029],"iteration":473,"passed_time":6.641123464,"remaining_time":7.369685532},
{"learn":[1.907776788],"iteration":474,"passed_time":6.654307291,"remaining_time":7.35476069},
{"learn":[1.907413613],"iteration":475,"passed_time":6.668898429,"remaining_time":7.341392389},
{"learn":[1.907061319],"iteration":476,"passed_time":6.685324422,"remaining_time":7.33003076},
{"learn":[1.906651319],"iteration":477,"passed_time":6.699604271,"remaining_time":7.316304245},
{"learn":[1.90608165],"iteration":478,"passed_time":6.714455539,"remaining_time":7.303196944},
{"learn":[1.905547272],"iteration":479,"passed_time":6.72746946,"remaining_time":7.288091914},
{"learn":[1.905076977],"iteration":480,"passed_time":6.740212062,"remaining_time":7.272702828},
{"learn":[1.904672305],"iteration":481,"passed_time":6.752509864,"remaining_time":7.2568467},
{"learn":[1.904372311],"iteration":482,"passed_time":6.765498131,"remaining_time":7.241744376},
{"learn":[1.903908373],"iteration":483,"passed_time":6.779185697,"remaining_time":7.227396322},
{"learn":[1.903393106],"iteration":484,"passed_time":6.792210256,"remaining_time":7.212346973},
{"learn":[1.902994353],"iteration":485,"passed_time":6.804754543,"remaining_time":7.196798015},
{"learn":[1.902598634],"iteration":486,"passed_time":6.821639576,"remaining_time":7.185833886},
{"learn":[1.902021881],"iteration":487,"passed_time":6.835258459,"remaining_time":7.171418711},
{"learn":[1.901512018],"iteration":488,"passed_time":6.848919808,"remaining_time":7.15705117},
{"learn":[1.901123632],"iteration":489,"passed_time":6.863187171,"remaining_time":7.143317259},
{"learn":[1.900620687],"iteration":490,"passed_time":6.877667145,"remaining_time":7.129801582},
{"learn":[1.900196581],"iteration":491,"passed_time":6.891082701,"remaining_time":7.115182952},
{"learn":[1.899794986],"iteration":492,"passed_time":6.906375881,"remaining_time":7.102500145},
{"learn":[1.89937905],"iteration":493,"passed_time":6.924374791,"remaining_time":7.092578227},
{"learn":[1.898930571],"iteration":494,"passed_time":6.938421246,"remaining_time":7.078591372},
{"learn":[1.898576575],"iteration":495,"passed_time":6.951295174,"remaining_time":7.063412838},
{"learn":[1.898215962],"iteration":496,"passed_time":6.963246152,"remaining_time":7.047309486},
{"learn":[1.897827988],"iteration":497,"passed_time":6.976028196,"remaining_time":7.032060551},
{"learn":[1.897517788],"iteration":498,"passed_time":6.988908681,"remaining_time":7.016920339},
{"learn":[1.89710207],"iteration":499,"passed_time":7.004296402,"remaining_time":7.004296402},
{"learn":[1.896693011],"iteration":500,"passed_time":7.01611059,"remaining_time":6.988102164},
{"learn":[1.896291997],"iteration":501,"passed_time":7.028984384,"remaining_time":6.97297654},
{"learn":[1.895911014],"iteration":502,"passed_time":7.040031052,"remaining_time":6.956054539},
{"learn":[1.895335767],"iteration":503,"passed_time":7.054532409,"remaining_time":6.942555704},
{"learn":[1.894938696],"iteration":504,"passed_time":7.065717085,"remaining_time":6.925801895},
{"learn":[1.894633196],"iteration":505,"passed_time":7.077894372,"remaining_time":6.91003917},
{"learn":[1.894201844],"iteration":506,"passed_time":7.089179535,"remaining_time":6.893423099},
{"learn":[1.893796373],"iteration":507,"passed_time":7.103723675,"remaining_time":6.879984347},
{"learn":[1.893328306],"iteration":508,"passed_time":7.118009012,"remaining_time":6.866291601},
{"learn":[1.892934465],"iteration":509,"passed_time":7.130839464,"remaining_time":6.851198701},
{"learn":[1.892517114],"iteration":510,"passed_time":7.141540698,"remaining_time":6.834077106},
{"learn":[1.892087523],"iteration":511,"passed_time":7.153577737,"remaining_time":6.818253781},
{"learn":[1.891723151],"iteration":512,"passed_time":7.165358485,"remaining_time":6.802201915},
{"learn":[1.891358429],"iteration":513,"passed_time":7.178570553,"remaining_time":6.787520017},
{"learn":[1.891034717],"iteration":514,"passed_time":7.190412365,"remaining_time":6.771553392},
{"learn":[1.890517963],"iteration":515,"passed_time":7.205176386,"remaining_time":6.758343742},
{"learn":[1.890211964],"iteration":516,"passed_time":7.218143105,"remaining_time":6.743448974},
{"learn":[1.889850039],"iteration":517,"passed_time":7.232426586,"remaining_time":6.7297869},
{"learn":[1.889526116],"iteration":518,"passed_time":7.246911836,"remaining_time":6.716309428},
{"learn":[1.889011855],"iteration":519,"passed_time":7.258891271,"remaining_time":6.700515019},
{"learn":[1.888734217],"iteration":520,"passed_time":7.270350806,"remaining_time":6.684257267},
{"learn":[1.888328771],"iteration":521,"passed_time":7.282463403,"remaining_time":6.668615913},
{"learn":[1.887916626],"iteration":522,"passed_time":7.295381673,"remaining_time":6.653722864},
{"learn":[1.887441455],"iteration":523,"passed_time":7.308031261,"remaining_time":6.638593283},
{"learn":[1.887080972],"iteration":524,"passed_time":7.320869141,"remaining_time":6.623643508},
{"learn":[1.886671041],"iteration":525,"passed_time":7.333331462,"remaining_time":6.608363333},
{"learn":[1.886392192],"iteration":526,"passed_time":7.346342838,"remaining_time":6.593586646},
{"learn":[1.886061359],"iteration":527,"passed_time":7.360160678,"remaining_time":6.579537575},
{"learn":[1.885646153],"iteration":528,"passed_time":7.375540913,"remaining_time":6.566880473},
{"learn":[1.885352961],"iteration":529,"passed_time":7.390189613,"remaining_time":6.553564374},
{"learn":[1.884897643],"iteration":530,"passed_time":7.402103863,"remaining_time":6.537828083},
{"learn":[1.884533642],"iteration":531,"passed_time":7.416438857,"remaining_time":6.524235686},
{"learn":[1.884078817],"iteration":532,"passed_time":7.429071488,"remaining_time":6.50914894},
{"learn":[1.883539574],"iteration":533,"passed_time":7.442509185,"remaining_time":6.494773933},
{"learn":[1.883110526],"iteration":534,"passed_time":7.458525898,"remaining_time":6.482644005},
{"learn":[1.882826722],"iteration":535,"passed_time":7.476066438,"remaining_time":6.471818708},
{"learn":[1.88249448],"iteration":536,"passed_time":7.491662228,"remaining_time":6.459291641},
{"learn":[1.882040662],"iteration":537,"passed_time":7.505981549,"remaining_time":6.445657018},
{"learn":[1.881724108],"iteration":538,"passed_time":7.521693078,"remaining_time":6.433210592},
{"learn":[1.881305564],"iteration":539,"passed_time":7.535341423,"remaining_time":6.418994545},
{"learn":[1.880963224],"iteration":540,"passed_time":7.549081106,"remaining_time":6.404858092},
{"learn":[1.880662542],"iteration":541,"passed_time":7.561635689,"remaining_time":6.38972167},
{"learn":[1.880233902],"iteration":542,"passed_time":7.576439558,"remaining_time":6.376487805},
{"learn":[1.879896318],"iteration":543,"passed_time":7.589975542,"remaining_time":6.362185381},
{"learn":[1.879527623],"iteration":544,"passed_time":7.604208056,"remaining_time":6.348467276},
{"learn":[1.879202373],"iteration":545,"passed_time":7.617238664,"remaining_time":6.3337479},
{"learn":[1.878759737],"iteration":546,"passed_time":7.636074059,"remaining_time":6.323841954},
{"learn":[1.878375631],"iteration":547,"passed_time":7.650590277,"remaining_time":6.310340885},
{"learn":[1.878014187],"iteration":548,"passed_time":7.663021212,"remaining_time":6.295123072},
{"learn":[1.877703772],"iteration":549,"passed_time":7.675517346,"remaining_time":6.279968738},
{"learn":[1.877293773],"iteration":550,"passed_time":7.690745578,"remaining_time":6.267050389},
{"learn":[1.876838952],"iteration":551,"passed_time":7.704803488,"remaining_time":6.253173845},
{"learn":[1.876290316],"iteration":552,"passed_time":7.722398143,"remaining_time":6.242155461},
{"learn":[1.875944713],"iteration":553,"passed_time":7.737899696,"remaining_time":6.229428275},
{"learn":[1.875606631],"iteration":554,"passed_time":7.752509758,"remaining_time":6.215976293},
{"learn":[1.875142121],"iteration":555,"passed_time":7.764897309,"remaining_time":6.200745333},
{"learn":[1.874735235],"iteration":556,"passed_time":7.777572816,"remaining_time":6.185753604},
{"learn":[1.87437511],"iteration":557,"passed_time":7.792763316,"remaining_time":6.17276234},
{"learn":[1.874071205],"iteration":558,"passed_time":7.803426613,"remaining_time":6.156191657},
{"learn":[1.873625651],"iteration":559,"passed_time":7.815793175,"remaining_time":6.140980352},
{"learn":[1.87325013],"iteration":560,"passed_time":7.830072853,"remaining_time":6.127276261},
{"learn":[1.872938459],"iteration":561,"passed_time":7.842014781,"remaining_time":6.111748174},
{"learn":[1.87256856],"iteration":562,"passed_time":7.855036673,"remaining_time":6.097071094},
{"learn":[1.872271874],"iteration":563,"passed_time":7.869791211,"remaining_time":6.083739305},
{"learn":[1.871856681],"iteration":564,"passed_time":7.885214726,"remaining_time":6.070917532},
{"learn":[1.871508701],"iteration":565,"passed_time":7.898348486,"remaining_time":6.056330818},
{"learn":[1.871148735],"iteration":566,"passed_time":7.911088244,"remaining_time":6.041448342},
{"learn":[1.870462657],"iteration":567,"passed_time":7.922407988,"remaining_time":6.0254934},
{"learn":[1.86998856],"iteration":568,"passed_time":7.935313381,"remaining_time":6.01075583},
{"learn":[1.869665043],"iteration":569,"passed_time":7.948942058,"remaining_time":5.996570324},
{"learn":[1.869254679],"iteration":570,"passed_time":7.967892363,"remaining_time":5.986384981},
{"learn":[1.868879317],"iteration":571,"passed_time":7.981481631,"remaining_time":5.972157584},
{"learn":[1.86848066],"iteration":572,"passed_time":7.993714158,"remaining_time":5.956921371},
{"learn":[1.868093209],"iteration":573,"passed_time":8.013648995,"remaining_time":5.947411972},
{"learn":[1.867531748],"iteration":574,"passed_time":8.029475827,"remaining_time":5.934829959},
{"learn":[1.867131968],"iteration":575,"passed_time":8.046056389,"remaining_time":5.922791509},
{"learn":[1.866724035],"iteration":576,"passed_time":8.061576551,"remaining_time":5.909959933},
{"learn":[1.866329659],"iteration":577,"passed_time":8.07927086,"remaining_time":5.898706406},
{"learn":[1.865984817],"iteration":578,"passed_time":8.097214732,"remaining_time":5.887612094},
{"learn":[1.865610362],"iteration":579,"passed_time":8.107860655,"remaining_time":5.87120944},
{"learn":[1.865063443],"iteration":580,"passed_time":8.121005536,"remaining_time":5.856628778},
{"learn":[1.864738111],"iteration":581,"passed_time":8.134437383,"remaining_time":5.842259151},
{"learn":[1.86439681],"iteration":582,"passed_time":8.146809527,"remaining_time":5.827134773},
{"learn":[1.864089727],"iteration":583,"passed_time":8.159424716,"remaining_time":5.812192948},
{"learn":[1.863691204],"iteration":584,"passed_time":8.17381956,"remaining_time":5.798521568},
{"learn":[1.863216147],"iteration":585,"passed_time":8.184168367,"remaining_time":5.781989256},
{"learn":[1.862953919],"iteration":586,"passed_time":8.196355554,"remaining_time":5.766771454},
{"learn":[1.862482359],"iteration":587,"passed_time":8.208495647,"remaining_time":5.751530964},
{"learn":[1.861955799],"iteration":588,"passed_time":8.22382147,"remaining_time":5.73852398},
{"learn":[1.861514517],"iteration":589,"passed_time":8.235795097,"remaining_time":5.723179644},
{"learn":[1.861138065],"iteration":590,"passed_time":8.247431422,"remaining_time":5.707613285},
{"learn":[1.860715994],"iteration":591,"passed_time":8.258434066,"remaining_time":5.691623478},
{"learn":[1.860220499],"iteration":592,"passed_time":8.271723129,"remaining_time":5.677219753},
{"learn":[1.859913227],"iteration":593,"passed_time":8.285347757,"remaining_time":5.66304914},
{"learn":[1.859463616],"iteration":594,"passed_time":8.300505934,"remaining_time":5.649924207},
{"learn":[1.859151547],"iteration":595,"passed_time":8.312384342,"remaining_time":5.634569252},
{"learn":[1.85877417],"iteration":596,"passed_time":8.324271582,"remaining_time":5.619231906},
{"learn":[1.858491119],"iteration":597,"passed_time":8.33854967,"remaining_time":5.605513324},
{"learn":[1.857971965],"iteration":598,"passed_time":8.353036956,"remaining_time":5.591932921},
{"learn":[1.857632548],"iteration":599,"passed_time":8.366310134,"remaining_time":5.577540089},
{"learn":[1.857225008],"iteration":600,"passed_time":8.379477777,"remaining_time":5.56308092},
{"learn":[1.856878253],"iteration":601,"passed_time":8.397294851,"remaining_time":5.551699918},
{"learn":[1.85642072],"iteration":602,"passed_time":8.413837361,"remaining_time":5.539458429},
{"learn":[1.856000555],"iteration":603,"passed_time":8.427081201,"remaining_time":5.525039993},
{"learn":[1.855685343],"iteration":604,"passed_time":8.443886772,"remaining_time":5.512950868},
{"learn":[1.855243663],"iteration":605,"passed_time":8.463171582,"remaining_time":5.502458091},
{"learn":[1.85484699],"iteration":606,"passed_time":8.479460366,"remaining_time":5.48999658},
{"learn":[1.854472609],"iteration":607,"passed_time":8.495705712,"remaining_time":5.477494472},
{"learn":[1.854170143],"iteration":608,"passed_time":8.508201313,"remaining_time":5.4625726},
{"learn":[1.853776343],"iteration":609,"passed_time":8.521871366,"remaining_time":5.448409562},
{"learn":[1.853448883],"iteration":610,"passed_time":8.537532894,"remaining_time":5.435516032},
{"learn":[1.853054823],"iteration":611,"passed_time":8.550974582,"remaining_time":5.421206108},
{"learn":[1.852670891],"iteration":612,"passed_time":8.567247879,"remaining_time":5.40868667},
{"learn":[1.8522022],"iteration":613,"passed_time":8.587598421,"remaining_time":5.398718226},
{"learn":[1.851852607],"iteration":614,"passed_time":8.605131863,"remaining_time":5.386952467},
{"learn":[1.851523468],"iteration":615,"passed_time":8.622657954,"remaining_time":5.3751634},
{"learn":[1.851204631],"iteration":616,"passed_time":8.639128223,"remaining_time":5.362700339},
{"learn":[1.850929798],"iteration":617,"passed_time":8.65486788,"remaining_time":5.349772702},
{"learn":[1.850544828],"iteration":618,"passed_time":8.66746154,"remaining_time":5.334899591},
{"learn":[1.850278154],"iteration":619,"passed_time":8.683823973,"remaining_time":5.322343726},
{"learn":[1.849890847],"iteration":620,"passed_time":8.696639111,"remaining_time":5.307610665},
{"learn":[1.849625328],"iteration":621,"passed_time":8.709298665,"remaining_time":5.292789221},
{"learn":[1.849152836],"iteration":622,"passed_time":8.722145902,"remaining_time":5.278088291},
{"learn":[1.848784628],"iteration":623,"passed_time":8.736018363,"remaining_time":5.264011065},
{"learn":[1.848434453],"iteration":624,"passed_time":8.748229506,"remaining_time":5.248937704},
{"learn":[1.848086301],"iteration":625,"passed_time":8.76013149,"remaining_time":5.233688782},
{"learn":[1.847766725],"iteration":626,"passed_time":8.773690734,"remaining_time":5.219436433},
{"learn":[1.847356593],"iteration":627,"passed_time":8.786217049,"remaining_time":5.20457443},
{"learn":[1.84695261],"iteration":628,"passed_time":8.802131799,"remaining_time":5.191718438},
{"learn":[1.846570722],"iteration":629,"passed_time":8.81416303,"remaining_time":5.176571938},
{"learn":[1.846227693],"iteration":630,"passed_time":8.826829441,"remaining_time":5.161806757},
{"learn":[1.84592157],"iteration":631,"passed_time":8.840041694,"remaining_time":5.14736605},
{"learn":[1.845621588],"iteration":632,"passed_time":8.851472741,"remaining_time":5.131896518},
{"learn":[1.845250786],"iteration":633,"passed_time":8.864548218,"remaining_time":5.117389034},
{"learn":[1.844879823],"iteration":634,"passed_time":8.876990762,"remaining_time":5.102522249},
{"learn":[1.844583776],"iteration":635,"passed_time":8.889168045,"remaining_time":5.087511271},
{"learn":[1.844171275],"iteration":636,"passed_time":8.901061505,"remaining_time":5.072347451},
{"learn":[1.843770359],"iteration":637,"passed_time":8.912902712,"remaining_time":5.057164235},
{"learn":[1.84345062],"iteration":638,"passed_time":8.926849928,"remaining_time":5.043181258},
{"learn":[1.843136349],"iteration":639,"passed_time":8.9396349,"remaining_time":5.028544631},
{"learn":[1.842866388],"iteration":640,"passed_time":8.952281603,"remaining_time":5.013836343},
{"learn":[1.842525636],"iteration":641,"passed_time":8.967245005,"remaining_time":5.000426343},
{"learn":[1.842131364],"iteration":642,"passed_time":8.98375533,"remaining_time":4.987870378},
{"learn":[1.84176006],"iteration":643,"passed_time":8.998530779,"remaining_time":4.974343101},
{"learn":[1.841443151],"iteration":644,"passed_time":9.014094777,"remaining_time":4.961245962},
{"learn":[1.841115749],"iteration":645,"passed_time":9.024815978,"remaining_time":4.945487393},
{"learn":[1.840720697],"iteration":646,"passed_time":9.036738852,"remaining_time":4.930400023},
{"learn":[1.840312479],"iteration":647,"passed_time":9.050198458,"remaining_time":4.916157187},
{"learn":[1.839885645],"iteration":648,"passed_time":9.06532406,"remaining_time":4.902817789},
{"learn":[1.839540425],"iteration":649,"passed_time":9.075957183,"remaining_time":4.887053868},
{"learn":[1.839257354],"iteration":650,"passed_time":9.088633024,"remaining_time":4.872400807},
{"learn":[1.838927269],"iteration":651,"passed_time":9.102462175,"remaining_time":4.858369382},
{"learn":[1.838591414],"iteration":652,"passed_time":9.114407314,"remaining_time":4.843337424},
{"learn":[1.838222739],"iteration":653,"passed_time":9.126057356,"remaining_time":4.828158785},
{"learn":[1.83786991],"iteration":654,"passed_time":9.137912992,"remaining_time":4.813099209},
{"learn":[1.837626585],"iteration":655,"passed_time":9.151032173,"remaining_time":4.798711993},
{"learn":[1.837343035],"iteration":656,"passed_time":9.163688065,"remaining_time":4.784086768},
{"learn":[1.83702392],"iteration":657,"passed_time":9.175845264,"remaining_time":4.769208329},
{"learn":[1.836622587],"iteration":658,"passed_time":9.18664157,"remaining_time":4.753633953},
{"learn":[1.8362837],"iteration":659,"passed_time":9.199625913,"remaining_time":4.739201228},
{"learn":[1.835945045],"iteration":660,"passed_time":9.215960417,"remaining_time":4.726491046},
{"learn":[1.835683859],"iteration":661,"passed_time":9.229153515,"remaining_time":4.712165994},
{"learn":[1.835344576],"iteration":662,"passed_time":9.241323093,"remaining_time":4.697324106},
{"learn":[1.834963949],"iteration":663,"passed_time":9.25564205,"remaining_time":4.683577905},
{"learn":[1.834573186],"iteration":664,"passed_time":9.267782126,"remaining_time":4.668732349},
{"learn":[1.8340683],"iteration":665,"passed_time":9.280736431,"remaining_time":4.654303255},
{"learn":[1.833740213],"iteration":666,"passed_time":9.29490891,"remaining_time":4.640486757},
{"learn":[1.833404384],"iteration":667,"passed_time":9.30650469,"remaining_time":4.625388558},
{"learn":[1.833124866],"iteration":668,"passed_time":9.31954887,"remaining_time":4.611017453},
{"learn":[1.832736591],"iteration":669,"passed_time":9.332880818,"remaining_time":4.596792045},
{"learn":[1.832441578],"iteration":670,"passed_time":9.344187482,"remaining_time":4.581576277},
{"learn":[1.83209966],"iteration":671,"passed_time":9.356696127,"remaining_time":4.566958824},
{"learn":[1.831831215],"iteration":672,"passed_time":9.368555395,"remaining_time":4.552032116},
{"learn":[1.831471627],"iteration":673,"passed_time":9.381473493,"remaining_time":4.537626645},
{"learn":[1.831135191],"iteration":674,"passed_time":9.393741572,"remaining_time":4.522912609},
{"learn":[1.83090183],"iteration":675,"passed_time":9.406292422,"remaining_time":4.508341338},
{"learn":[1.830565485],"iteration":676,"passed_time":9.419008927,"remaining_time":4.493855071},
{"learn":[1.830231011],"iteration":677,"passed_time":9.43142019,"remaining_time":4.479229058},
{"learn":[1.829872548],"iteration":678,"passed_time":9.445468008,"remaining_time":4.465383256},
{"learn":[1.829506871],"iteration":679,"passed_time":9.461200058,"remaining_time":4.452329439},
{"learn":[1.829213247],"iteration":680,"passed_time":9.47379102,"remaining_time":4.437796381},
{"learn":[1.828950318],"iteration":681,"passed_time":9.487777288,"remaining_time":4.423919615},
{"learn":[1.828728951],"iteration":682,"passed_time":9.502977228,"remaining_time":4.410605829},
{"learn":[1.828421044],"iteration":683,"passed_time":9.515218462,"remaining_time":4.395919641},
{"learn":[1.828074973],"iteration":684,"passed_time":9.528748106,"remaining_time":4.381833071},
{"learn":[1.827714489],"iteration":685,"passed_time":9.542717576,"remaining_time":4.367949444},
{"learn":[1.827434531],"iteration":686,"passed_time":9.553952479,"remaining_time":4.352819689},
{"learn":[1.827200482],"iteration":687,"passed_time":9.564945266,"remaining_time":4.337591458},
{"learn":[1.826918348],"iteration":688,"passed_time":9.577029497,"remaining_time":4.322868176},
{"learn":[1.826600606],"iteration":689,"passed_time":9.589222513,"remaining_time":4.308201419},
{"learn":[1.826188413],"iteration":690,"passed_time":9.602328985,"remaining_time":4.293950299},
{"learn":[1.82581578],"iteration":691,"passed_time":9.614338713,"remaining_time":4.279214341},
{"learn":[1.825506352],"iteration":692,"passed_time":9.627645594,"remaining_time":4.265060891},
{"learn":[1.825231071],"iteration":693,"passed_time":9.640980385,"remaining_time":4.250922187},
{"learn":[1.824895799],"iteration":694,"passed_time":9.654197396,"remaining_time":4.236734109},
{"learn":[1.824507863],"iteration":695,"passed_time":9.669462277,"remaining_time":4.223443293},
{"learn":[1.824304819],"iteration":696,"passed_time":9.681938113,"remaining_time":4.208934359},
{"learn":[1.824042724],"iteration":697,"passed_time":9.694792371,"remaining_time":4.19459498},
{"learn":[1.823673378],"iteration":698,"passed_time":9.70477854,"remaining_time":4.179024808},
{"learn":[1.823212624],"iteration":699,"passed_time":9.71578834,"remaining_time":4.163909288},
{"learn":[1.822837572],"iteration":700,"passed_time":9.729910248,"remaining_time":4.150132902},
{"learn":[1.822567582],"iteration":701,"passed_time":9.740927834,"remaining_time":4.135037742},
{"learn":[1.822189568],"iteration":702,"passed_time":9.754533454,"remaining_time":4.121047562},
{"learn":[1.821773209],"iteration":703,"passed_time":9.768878394,"remaining_time":4.107369325},
{"learn":[1.821276311],"iteration":704,"passed_time":9.782608511,"remaining_time":4.09343193},
{"learn":[1.821020588],"iteration":705,"passed_time":9.794529164,"remaining_time":4.078741607},
{"learn":[1.820638814],"iteration":706,"passed_time":9.80767321,"remaining_time":4.064566125},
{"learn":[1.820254889],"iteration":707,"passed_time":9.820975842,"remaining_time":4.050458963},
{"learn":[1.819878169],"iteration":708,"passed_time":9.832874517,"remaining_time":4.035777834},
{"learn":[1.819518031],"iteration":709,"passed_time":9.846033868,"remaining_time":4.021619467},
{"learn":[1.819118829],"iteration":710,"passed_time":9.85752918,"remaining_time":4.006787529},
{"learn":[1.818742249],"iteration":711,"passed_time":9.871856239,"remaining_time":3.993110389},
{"learn":[1.818301791],"iteration":712,"passed_time":9.884982962,"remaining_time":3.978948261},
{"learn":[1.817990909],"iteration":713,"passed_time":9.898746807,"remaining_time":3.965044239},
{"learn":[1.817581524],"iteration":714,"passed_time":9.910481441,"remaining_time":3.950331763},
{"learn":[1.817235049],"iteration":715,"passed_time":9.924507164,"remaining_time":3.936536361},
{"learn":[1.816907692],"iteration":716,"passed_time":9.937251492,"remaining_time":3.92223455},
{"learn":[1.816683688],"iteration":717,"passed_time":9.951613506,"remaining_time":3.908572436},
{"learn":[1.816253464],"iteration":718,"passed_time":9.966010869,"remaining_time":3.89492219},
{"learn":[1.815895631],"iteration":719,"passed_time":9.980211577,"remaining_time":3.881193391},
{"learn":[1.815581302],"iteration":720,"passed_time":9.991019274,"remaining_time":3.866150316},
{"learn":[1.815288643],"iteration":721,"passed_time":10.00467713,"remaining_time":3.8522164},
{"learn":[1.814964433],"iteration":722,"passed_time":10.01853048,"remaining_time":3.83835815},
{"learn":[1.814734332],"iteration":723,"passed_time":10.03365153,"remaining_time":3.824983179},
{"learn":[1.814416765],"iteration":724,"passed_time":10.0464202,"remaining_time":3.810711109},
{"learn":[1.814087162],"iteration":725,"passed_time":10.05830633,"remaining_time":3.796110104},
{"learn":[1.813803769],"iteration":726,"passed_time":10.07247954,"remaining_time":3.782375399},
{"learn":[1.813462093],"iteration":727,"passed_time":10.08938488,"remaining_time":3.769660287},
{"learn":[1.813177156],"iteration":728,"passed_time":10.1063006,"remaining_time":3.756937534},
{"learn":[1.812819495],"iteration":729,"passed_time":10.12091704,"remaining_time":3.74335288},
{"learn":[1.812465927],"iteration":730,"passed_time":10.13514611,"remaining_time":3.729622849},
{"learn":[1.812075962],"iteration":731,"passed_time":10.15333878,"remaining_time":3.717342612},
{"learn":[1.811725328],"iteration":732,"passed_time":10.17081657,"remaining_time":3.704785846},
{"learn":[1.811411277],"iteration":733,"passed_time":10.1848918,"remaining_time":3.690982588},
{"learn":[1.811040684],"iteration":734,"passed_time":10.2010083,"remaining_time":3.677914557},
{"learn":[1.810751283],"iteration":735,"passed_time":10.21606321,"remaining_time":3.664457456},
{"learn":[1.81037034],"iteration":736,"passed_time":10.23157951,"remaining_time":3.651160668},
{"learn":[1.810020649],"iteration":737,"passed_time":10.24411047,"remaining_time":3.636798025},
{"learn":[1.809763299],"iteration":738,"passed_time":10.25675957,"remaining_time":3.622482067},
{"learn":[1.809491652],"iteration":739,"passed_time":10.26953558,"remaining_time":3.608215203},
{"learn":[1.809060064],"iteration":740,"passed_time":10.28277853,"remaining_time":3.594115572},
{"learn":[1.808772181],"iteration":741,"passed_time":10.29507999,"remaining_time":3.579690887},
{"learn":[1.808440529],"iteration":742,"passed_time":10.30725289,"remaining_time":3.565227446},
{"learn":[1.808167117],"iteration":743,"passed_time":10.31946839,"remaining_time":3.550784821},
{"learn":[1.807834063],"iteration":744,"passed_time":10.33190187,"remaining_time":3.536422788},
{"learn":[1.807580679],"iteration":745,"passed_time":10.34728227,"remaining_time":3.523069297},
{"learn":[1.807301995],"iteration":746,"passed_time":10.3580774,"remaining_time":3.508157406},
{"learn":[1.807006652],"iteration":747,"passed_time":10.37025225,"remaining_time":3.493721345},
{"learn":[1.806700652],"iteration":748,"passed_time":10.38286252,"remaining_time":3.479437241},
{"learn":[1.806357838],"iteration":749,"passed_time":10.39630984,"remaining_time":3.465436614},
{"learn":[1.805978217],"iteration":750,"passed_time":10.40885987,"remaining_time":3.451139958},
{"learn":[1.805696576],"iteration":751,"passed_time":10.42507937,"remaining_time":3.43805809},
{"learn":[1.80540317],"iteration":752,"passed_time":10.44177931,"remaining_time":3.425125485},
{"learn":[1.805198732],"iteration":753,"passed_time":10.45264784,"remaining_time":3.410280331},
{"learn":[1.804885056],"iteration":754,"passed_time":10.4693181,"remaining_time":3.397328391},
{"learn":[1.804580571],"iteration":755,"passed_time":10.48205855,"remaining_time":3.383098262},
{"learn":[1.804279143],"iteration":756,"passed_time":10.49450381,"remaining_time":3.368777312},
{"learn":[1.804017452],"iteration":757,"passed_time":10.50609981,"remaining_time":3.354190177},
{"learn":[1.803681303],"iteration":758,"passed_time":10.5186125,"remaining_time":3.339901994},
{"learn":[1.803391065],"iteration":759,"passed_time":10.53217411,"remaining_time":3.325949717},
{"learn":[1.803036314],"iteration":760,"passed_time":10.54563626,"remaining_time":3.311967236},
{"learn":[1.802754201],"iteration":761,"passed_time":10.55880831,"remaining_time":3.297895508},
{"learn":[1.802359032],"iteration":762,"passed_time":10.5730104,"remaining_time":3.284146086},
{"learn":[1.802125618],"iteration":763,"passed_time":10.58437545,"remaining_time":3.269519117},
{"learn":[1.801878594],"iteration":764,"passed_time":10.59689459,"remaining_time":3.255255201},
{"learn":[1.801547659],"iteration":765,"passed_time":10.61241327,"remaining_time":3.241912147},
{"learn":[1.801172038],"iteration":766,"passed_time":10.62566122,"remaining_time":3.227873618},
{"learn":[1.800799375],"iteration":767,"passed_time":10.63851978,"remaining_time":3.213719517},
{"learn":[1.800478706],"iteration":768,"passed_time":10.65213352,"remaining_time":3.199795636},
{"learn":[1.800189861],"iteration":769,"passed_time":10.66456317,"remaining_time":3.185518868},
{"learn":[1.799840145],"iteration":770,"passed_time":10.67751068,"remaining_time":3.171400709},
{"learn":[1.799512062],"iteration":771,"passed_time":10.69021118,"remaining_time":3.157212629},
{"learn":[1.799136402],"iteration":772,"passed_time":10.70221682,"remaining_time":3.142824344},
{"learn":[1.798862595],"iteration":773,"passed_time":10.71730468,"remaining_time":3.129342194},
{"learn":[1.798516078],"iteration":774,"passed_time":10.72967706,"remaining_time":3.115067533},
{"learn":[1.798097143],"iteration":775,"passed_time":10.74175607,"remaining_time":3.100713091},
{"learn":[1.797844867],"iteration":776,"passed_time":10.75364425,"remaining_time":3.086309739},
{"learn":[1.797581643],"iteration":777,"passed_time":10.76609766,"remaining_time":3.07207414},
{"learn":[1.797365803],"iteration":778,"passed_time":10.77797627,"remaining_time":3.057680046},
{"learn":[1.797050209],"iteration":779,"passed_time":10.79254771,"remaining_time":3.044051918},
{"learn":[1.796782264],"iteration":780,"passed_time":10.8051352,"remaining_time":3.029865055},
{"learn":[1.796425296],"iteration":781,"passed_time":10.81713262,"remaining_time":3.015517789},
{"learn":[1.796201367],"iteration":782,"passed_time":10.82977854,"remaining_time":3.001356248},
{"learn":[1.795863023],"iteration":783,"passed_time":10.84398105,"remaining_time":2.987627431},
{"learn":[1.795553154],"iteration":784,"passed_time":10.85764117,"remaining_time":2.973748856},
{"learn":[1.79529321],"iteration":785,"passed_time":10.87037382,"remaining_time":2.959618318},
{"learn":[1.794991278],"iteration":786,"passed_time":10.88339118,"remaining_time":2.945568388},
{"learn":[1.794678906],"iteration":787,"passed_time":10.89805215,"remaining_time":2.931963268},
{"learn":[1.794354024],"iteration":788,"passed_time":10.91265309,"remaining_time":2.918339418},
{"learn":[1.794121911],"iteration":789,"passed_time":10.92363463,"remaining_time":2.903750978},
{"learn":[1.793843798],"iteration":790,"passed_time":10.93795413,"remaining_time":2.89005362},
{"learn":[1.793598333],"iteration":791,"passed_time":10.94972911,"remaining_time":2.875686432},
{"learn":[1.79329651],"iteration":792,"passed_time":10.96209253,"remaining_time":2.861479387},
{"learn":[1.792959533],"iteration":793,"passed_time":10.97528139,"remaining_time":2.847491141},
{"learn":[1.792709223],"iteration":794,"passed_time":10.99076397,"remaining_time":2.834096369},
{"learn":[1.79249527],"iteration":795,"passed_time":11.0061931,"remaining_time":2.820682653},
{"learn":[1.792148194],"iteration":796,"passed_time":11.01871991,"remaining_time":2.806524644},
{"learn":[1.791913487],"iteration":797,"passed_time":11.03325929,"remaining_time":2.792880172},
{"learn":[1.791627701],"iteration":798,"passed_time":11.04693071,"remaining_time":2.779015109},
{"learn":[1.791280756],"iteration":799,"passed_time":11.06961218,"remaining_time":2.767403045},
{"learn":[1.790856239],"iteration":800,"passed_time":11.0920752,"remaining_time":2.75570907},
{"learn":[1.790653801],"iteration":801,"passed_time":11.10996114,"remaining_time":2.742858237},
{"learn":[1.790399792],"iteration":802,"passed_time":11.1239924,"remaining_time":2.729049193},
{"learn":[1.789996581],"iteration":803,"passed_time":11.13767849,"remaining_time":2.715155453},
{"learn":[1.789730416],"iteration":804,"passed_time":11.15559351,"remaining_time":2.702286626},
{"learn":[1.789346731],"iteration":805,"passed_time":11.17222759,"remaining_time":2.689096964},
{"learn":[1.78902138],"iteration":806,"passed_time":11.19506144,"remaining_time":2.677381485},
{"learn":[1.78870224],"iteration":807,"passed_time":11.21589175,"remaining_time":2.665162396},
{"learn":[1.788461739],"iteration":808,"passed_time":11.23818323,"remaining_time":2.653266992},
{"learn":[1.788130911],"iteration":809,"passed_time":11.2606405,"remaining_time":2.64138481},
{"learn":[1.78779697],"iteration":810,"passed_time":11.27537401,"remaining_time":2.627676558},
{"learn":[1.787422958],"iteration":811,"passed_time":11.28848427,"remaining_time":2.613589954},
{"learn":[1.787029029],"iteration":812,"passed_time":11.30159947,"remaining_time":2.599506889},
{"learn":[1.786820355],"iteration":813,"passed_time":11.31315147,"remaining_time":2.58506901},
{"learn":[1.786596574],"iteration":814,"passed_time":11.32812512,"remaining_time":2.571414905},
{"learn":[1.786319475],"iteration":815,"passed_time":11.34335628,"remaining_time":2.557815631},
{"learn":[1.78596312],"iteration":816,"passed_time":11.35613231,"remaining_time":2.543662438},
{"learn":[1.785673009],"iteration":817,"passed_time":11.37031713,"remaining_time":2.529826061},
{"learn":[1.785316361],"iteration":818,"passed_time":11.38537476,"remaining_time":2.516181723},
{"learn":[1.784948862],"iteration":819,"passed_time":11.39912755,"remaining_time":2.502247511},
{"learn":[1.784672785],"iteration":820,"passed_time":11.4142409,"remaining_time":2.488610379},
{"learn":[1.784404883],"iteration":821,"passed_time":11.42763878,"remaining_time":2.474598178},
{"learn":[1.784057314],"iteration":822,"passed_time":11.44255119,"remaining_time":2.460913196},
{"learn":[1.783841552],"iteration":823,"passed_time":11.45426103,"remaining_time":2.446541191},
{"learn":[1.783430223],"iteration":824,"passed_time":11.46768527,"remaining_time":2.4325393},
{"learn":[1.783069441],"iteration":825,"passed_time":11.47982342,"remaining_time":2.418267888},
{"learn":[1.782765108],"iteration":826,"passed_time":11.49221278,"remaining_time":2.404054185},
{"learn":[1.782496116],"iteration":827,"passed_time":11.50497187,"remaining_time":2.389921692},
{"learn":[1.782167738],"iteration":828,"passed_time":11.5178008,"remaining_time":2.375806919},
{"learn":[1.781886478],"iteration":829,"passed_time":11.53018352,"remaining_time":2.361603854},
{"learn":[1.781632029],"iteration":830,"passed_time":11.54299161,"remaining_time":2.347491674},
{"learn":[1.781327305],"iteration":831,"passed_time":11.55519575,"remaining_time":2.33326068},
{"learn":[1.780996949],"iteration":832,"passed_time":11.56740555,"remaining_time":2.319035686},
{"learn":[1.780720018],"iteration":833,"passed_time":11.57965356,"remaining_time":2.304823131},
{"learn":[1.780329289],"iteration":834,"passed_time":11.59289738,"remaining_time":2.290812058},
{"learn":[1.780011234],"iteration":835,"passed_time":11.60797824,"remaining_time":2.277163194},
{"learn":[1.779650876],"iteration":836,"passed_time":11.62705683,"remaining_time":2.264289443},
{"learn":[1.779442809],"iteration":837,"passed_time":11.65243233,"remaining_time":2.252618183},
{"learn":[1.779108694],"iteration":838,"passed_time":11.67588694,"remaining_time":2.240545647},
{"learn":[1.778767868],"iteration":839,"passed_time":11.6987329,"remaining_time":2.228330076},
{"learn":[1.778543433],"iteration":840,"passed_time":11.72015548,"remaining_time":2.215820121},
{"learn":[1.778294651],"iteration":841,"passed_time":11.73889553,"remaining_time":2.202785623},
{"learn":[1.778019542],"iteration":842,"passed_time":11.75792383,"remaining_time":2.189791271},
{"learn":[1.777579173],"iteration":843,"passed_time":11.77853456,"remaining_time":2.177075109},
{"learn":[1.777091812],"iteration":844,"passed_time":11.79154385,"remaining_time":2.162945914},
{"learn":[1.776774464],"iteration":845,"passed_time":11.80797412,"remaining_time":2.149442097},
{"learn":[1.776399155],"iteration":846,"passed_time":11.8228316,"remaining_time":2.135647267},
{"learn":[1.776052995],"iteration":847,"passed_time":11.84095463,"remaining_time":2.122435264},
{"learn":[1.775731077],"iteration":848,"passed_time":11.85680064,"remaining_time":2.108806711},
{"learn":[1.775344122],"iteration":849,"passed_time":11.87268909,"remaining_time":2.095180428},
{"learn":[1.774998876],"iteration":850,"passed_time":11.88869581,"remaining_time":2.081569536},
{"learn":[1.77477557],"iteration":851,"passed_time":11.90647158,"remaining_time":2.068260321},
{"learn":[1.774488811],"iteration":852,"passed_time":11.92082983,"remaining_time":2.054351682},
{"learn":[1.774292112],"iteration":853,"passed_time":11.93849701,"remaining_time":2.041007685},
{"learn":[1.774063144],"iteration":854,"passed_time":11.95098761,"remaining_time":2.026775677},
{"learn":[1.773688034],"iteration":855,"passed_time":11.96644233,"remaining_time":2.013046373},
{"learn":[1.773443631],"iteration":856,"passed_time":11.98175013,"remaining_time":1.999288528},
{"learn":[1.773080193],"iteration":857,"passed_time":12.00107328,"remaining_time":1.986191615},
{"learn":[1.772856313],"iteration":858,"passed_time":12.01987155,"remaining_time":1.972994049},
{"learn":[1.77252633],"iteration":859,"passed_time":12.0355819,"remaining_time":1.959280775},
{"learn":[1.7722522],"iteration":860,"passed_time":12.04822263,"remaining_time":1.9450673},
{"learn":[1.772003069],"iteration":861,"passed_time":12.06104664,"remaining_time":1.930886817},
{"learn":[1.771659572],"iteration":862,"passed_time":12.07482108,"remaining_time":1.916860356},
{"learn":[1.771413767],"iteration":863,"passed_time":12.09087215,"remaining_time":1.903192839},
{"learn":[1.771118432],"iteration":864,"passed_time":12.11017974,"remaining_time":1.890028051},
{"learn":[1.770821873],"iteration":865,"passed_time":12.12507263,"remaining_time":1.876165973},
{"learn":[1.770552961],"iteration":866,"passed_time":12.14025443,"remaining_time":1.862345836},
{"learn":[1.77025365],"iteration":867,"passed_time":12.15647463,"remaining_time":1.848680473},
{"learn":[1.769913203],"iteration":868,"passed_time":12.17368323,"remaining_time":1.835158232},
{"learn":[1.769539677],"iteration":869,"passed_time":12.19037841,"remaining_time":1.821550797},
{"learn":[1.76927787],"iteration":870,"passed_time":12.20509551,"remaining_time":1.807643307},
{"learn":[1.768963951],"iteration":871,"passed_time":12.22119288,"remaining_time":1.793936569},
{"learn":[1.768574263],"iteration":872,"passed_time":12.24027581,"remaining_time":1.780658681},
{"learn":[1.76825941],"iteration":873,"passed_time":12.25497482,"remaining_time":1.7667355},
{"learn":[1.767911124],"iteration":874,"passed_time":12.27255871,"remaining_time":1.753222674},
{"learn":[1.767691846],"iteration":875,"passed_time":12.29036155,"remaining_time":1.739731544},
{"learn":[1.767382884],"iteration":876,"passed_time":12.30526962,"remaining_time":1.725824588},
{"learn":[1.767063051],"iteration":877,"passed_time":12.32177452,"remaining_time":1.712137235},
{"learn":[1.766833194],"iteration":878,"passed_time":12.33209431,"remaining_time":1.69759205},
{"learn":[1.766574635],"iteration":879,"passed_time":12.34251013,"remaining_time":1.683069564},
{"learn":[1.766375562],"iteration":880,"passed_time":12.3532634,"remaining_time":1.66860198},
{"learn":[1.765933695],"iteration":881,"passed_time":12.36607281,"remaining_time":1.654417905},
{"learn":[1.765562802],"iteration":882,"passed_time":12.3787569,"remaining_time":1.640220337},
{"learn":[1.765289184],"iteration":883,"passed_time":12.39564844,"remaining_time":1.626578302},
{"learn":[1.764924835],"iteration":884,"passed_time":12.41094779,"remaining_time":1.61272203},
{"learn":[1.764524461],"iteration":885,"passed_time":12.42615103,"remaining_time":1.598850132},
{"learn":[1.764296197],"iteration":886,"passed_time":12.43988702,"remaining_time":1.584788312},
{"learn":[1.763994103],"iteration":887,"passed_time":12.45357199,"remaining_time":1.570720791},
{"learn":[1.763685693],"iteration":888,"passed_time":12.46640302,"remaining_time":1.556547509},
{"learn":[1.763352868],"iteration":889,"passed_time":12.47955396,"remaining_time":1.542416782},
{"learn":[1.763101446],"iteration":890,"passed_time":12.49348829,"remaining_time":1.52838409},
{"learn":[1.762864092],"iteration":891,"passed_time":12.5095575,"remaining_time":1.514610101},
{"learn":[1.762579604],"iteration":892,"passed_time":12.52642701,"remaining_time":1.500926864},
{"learn":[1.762352875],"iteration":893,"passed_time":12.53848673,"remaining_time":1.486666212},
{"learn":[1.762052417],"iteration":894,"passed_time":12.55153542,"remaining_time":1.472526502},
{"learn":[1.76181059],"iteration":895,"passed_time":12.56554677,"remaining_time":1.458500964},
{"learn":[1.761558675],"iteration":896,"passed_time":12.57858389,"remaining_time":1.444363591},
{"learn":[1.761251419],"iteration":897,"passed_time":12.59451721,"remaining_time":1.430557634},
{"learn":[1.760862571],"iteration":898,"passed_time":12.60717182,"remaining_time":1.416378592},
{"learn":[1.760630452],"iteration":899,"passed_time":12.62125156,"remaining_time":1.402361285},
{"learn":[1.760454265],"iteration":900,"passed_time":12.63306082,"remaining_time":1.388094364},
{"learn":[1.760136065],"iteration":901,"passed_time":12.64403589,"remaining_time":1.373742259},
{"learn":[1.759840981],"iteration":902,"passed_time":12.65494765,"remaining_time":1.359390833},
{"learn":[1.759489581],"iteration":903,"passed_time":12.66857604,"remaining_time":1.345335508},
{"learn":[1.759199032],"iteration":904,"passed_time":12.68241529,"remaining_time":1.331303263},
{"learn":[1.758903272],"iteration":905,"passed_time":12.69413647,"remaining_time":1.317051687},
{"learn":[1.758722265],"iteration":906,"passed_time":12.7058153,"remaining_time":1.302801348},
{"learn":[1.758446478],"iteration":907,"passed_time":12.7180388,"remaining_time":1.288611861},
{"learn":[1.758192406],"iteration":908,"passed_time":12.73146366,"remaining_time":1.274546967},
{"learn":[1.757888055],"iteration":909,"passed_time":12.74445948,"remaining_time":1.260441047},
{"learn":[1.757642302],"iteration":910,"passed_time":12.75593325,"remaining_time":1.246188868},
{"learn":[1.757392508],"iteration":911,"passed_time":12.77043993,"remaining_time":1.232235432},
{"learn":[1.757075139],"iteration":912,"passed_time":12.78332714,"remaining_time":1.218126463},
{"learn":[1.756773698],"iteration":913,"passed_time":12.79765307,"remaining_time":1.20415554},
{"learn":[1.756524702],"iteration":914,"passed_time":12.81031578,"remaining_time":1.190029335},
{"learn":[1.75627892],"iteration":915,"passed_time":12.82412332,"remaining_time":1.176011309},
{"learn":[1.755999228],"iteration":916,"passed_time":12.83924622,"remaining_time":1.162112799},
{"learn":[1.755657002],"iteration":917,"passed_time":12.85329727,"remaining_time":1.148115878},
{"learn":[1.755443625],"iteration":918,"passed_time":12.86674281,"remaining_time":1.134065471},
{"learn":[1.755136421],"iteration":919,"passed_time":12.87875056,"remaining_time":1.119891353},
{"learn":[1.754925927],"iteration":920,"passed_time":12.89195165,"remaining_time":1.1058243},
{"learn":[1.754678859],"iteration":921,"passed_time":12.9050228,"remaining_time":1.091748132},
{"learn":[1.754335545],"iteration":922,"passed_time":12.91908397,"remaining_time":1.077756734},
{"learn":[1.754095662],"iteration":923,"passed_time":12.9330812,"remaining_time":1.063759925},
{"learn":[1.753823803],"iteration":924,"passed_time":12.94623648,"remaining_time":1.04969485},
{"learn":[1.753542049],"iteration":925,"passed_time":12.9592355,"remaining_time":1.035619251},
{"learn":[1.753301556],"iteration":926,"passed_time":12.97593474,"remaining_time":1.021837363},
{"learn":[1.752993802],"iteration":927,"passed_time":12.98972727,"remaining_time":1.007823667},
{"learn":[1.752680847],"iteration":928,"passed_time":13.00445471,"remaining_time":0.9938818993},
{"learn":[1.752436271],"iteration":929,"passed_time":13.01782495,"remaining_time":0.9798362862},
{"learn":[1.75219606],"iteration":930,"passed_time":13.03076802,"remaining_time":0.9657604656},
{"learn":[1.751812878],"iteration":931,"passed_time":13.04292173,"remaining_time":0.9516294825},
{"learn":[1.751522448],"iteration":932,"passed_time":13.05739366,"remaining_time":0.9376692121},
{"learn":[1.751083508],"iteration":933,"passed_time":13.07207252,"remaining_time":0.9237224691},
{"learn":[1.750869342],"iteration":934,"passed_time":13.08505926,"remaining_time":0.9096565262},
{"learn":[1.750566495],"iteration":935,"passed_time":13.09783309,"remaining_time":0.8955783308},
{"learn":[1.750185441],"iteration":936,"passed_time":13.11348621,"remaining_time":0.8816965115},
{"learn":[1.749886415],"iteration":937,"passed_time":13.12771992,"remaining_time":0.8677170947},
{"learn":[1.749594457],"iteration":938,"passed_time":13.14047995,"remaining_time":0.8536414025},
{"learn":[1.749381606],"iteration":939,"passed_time":13.15984281,"remaining_time":0.8399899668},
{"learn":[1.748964066],"iteration":940,"passed_time":13.17619095,"remaining_time":0.8261373712},
{"learn":[1.748574466],"iteration":941,"passed_time":13.18674412,"remaining_time":0.8119226738},
{"learn":[1.748306472],"iteration":942,"passed_time":13.2008374,"remaining_time":0.7979297264},
{"learn":[1.747994813],"iteration":943,"passed_time":13.21258174,"remaining_time":0.7837972216},
{"learn":[1.74776325],"iteration":944,"passed_time":13.22429016,"remaining_time":0.7696676814},
{"learn":[1.74752751],"iteration":945,"passed_time":13.24022715,"remaining_time":0.7557846364},
{"learn":[1.74723893],"iteration":946,"passed_time":13.25256415,"remaining_time":0.7416957762},
{"learn":[1.746904701],"iteration":947,"passed_time":13.26345467,"remaining_time":0.7275312687},
{"learn":[1.746609455],"iteration":948,"passed_time":13.27488951,"remaining_time":0.7134029135},
{"learn":[1.746232531],"iteration":949,"passed_time":13.28872261,"remaining_time":0.6994064533},
{"learn":[1.746023754],"iteration":950,"passed_time":13.30279296,"remaining_time":0.6854225604},
{"learn":[1.74571702],"iteration":951,"passed_time":13.31793993,"remaining_time":0.6714927694},
{"learn":[1.745398218],"iteration":952,"passed_time":13.33189043,"remaining_time":0.6575014168},
{"learn":[1.745157336],"iteration":953,"passed_time":13.34367472,"remaining_time":0.6434056995},
{"learn":[1.744923138],"iteration":954,"passed_time":13.35547887,"remaining_time":0.6293157583},
{"learn":[1.744698737],"iteration":955,"passed_time":13.36637579,"remaining_time":0.6151888437},
{"learn":[1.744484449],"iteration":956,"passed_time":13.37870938,"remaining_time":0.6011332323},
{"learn":[1.744129435],"iteration":957,"passed_time":13.39681636,"remaining_time":0.5873343289},
{"learn":[1.743772107],"iteration":958,"passed_time":13.41194147,"remaining_time":0.5733989574},
{"learn":[1.743522757],"iteration":959,"passed_time":13.42518141,"remaining_time":0.5593825587},
{"learn":[1.743243438],"iteration":960,"passed_time":13.44085784,"remaining_time":0.5454666552},
{"learn":[1.743016602],"iteration":961,"passed_time":13.45208611,"remaining_time":0.5313713847},
{"learn":[1.742623895],"iteration":962,"passed_time":13.4658846,"remaining_time":0.5173808205},
{"learn":[1.742325982],"iteration":963,"passed_time":13.47912544,"remaining_time":0.5033698299},
{"learn":[1.741998552],"iteration":964,"passed_time":13.49406963,"remaining_time":0.4894222147},
{"learn":[1.741800912],"iteration":965,"passed_time":13.51028736,"remaining_time":0.4755173605},
{"learn":[1.741567068],"iteration":966,"passed_time":13.52422966,"remaining_time":0.4615300712},
{"learn":[1.741262462],"iteration":967,"passed_time":13.54005738,"remaining_time":0.4476052027},
{"learn":[1.741053289],"iteration":968,"passed_time":13.5573324,"remaining_time":0.4337227084},
{"learn":[1.740834055],"iteration":969,"passed_time":13.57185882,"remaining_time":0.4197482108},
{"learn":[1.740550295],"iteration":970,"passed_time":13.58895697,"remaining_time":0.4058493843},
{"learn":[1.740301366],"iteration":971,"passed_time":13.60233619,"remaining_time":0.3918368451},
{"learn":[1.739953235],"iteration":972,"passed_time":13.61846603,"remaining_time":0.377901935},
{"learn":[1.739633116],"iteration":973,"passed_time":13.63245221,"remaining_time":0.3639052951},
{"learn":[1.739307376],"iteration":974,"passed_time":13.64407134,"remaining_time":0.3498479832},
{"learn":[1.73899904],"iteration":975,"passed_time":13.65762517,"remaining_time":0.335843242},
{"learn":[1.738666187],"iteration":976,"passed_time":13.67057497,"remaining_time":0.3218252041},
{"learn":[1.738426641],"iteration":977,"passed_time":13.68178928,"remaining_time":0.307770311},
{"learn":[1.738117778],"iteration":978,"passed_time":13.69311024,"remaining_time":0.2937235086},
{"learn":[1.737888871],"iteration":979,"passed_time":13.70381422,"remaining_time":0.2796696779},
{"learn":[1.737652904],"iteration":980,"passed_time":13.71660547,"remaining_time":0.2656631028},
{"learn":[1.737340003],"iteration":981,"passed_time":13.72963058,"remaining_time":0.2516632896},
{"learn":[1.737095128],"iteration":982,"passed_time":13.74573474,"remaining_time":0.2377187087},
{"learn":[1.736882249],"iteration":983,"passed_time":13.75912112,"remaining_time":0.2237255466},
{"learn":[1.736612141],"iteration":984,"passed_time":13.77279053,"remaining_time":0.2097379269},
{"learn":[1.736335517],"iteration":985,"passed_time":13.78586913,"remaining_time":0.1957425637},
{"learn":[1.73602357],"iteration":986,"passed_time":13.80269714,"remaining_time":0.1817984426},
{"learn":[1.735738364],"iteration":987,"passed_time":13.81446306,"remaining_time":0.1677870007},
{"learn":[1.73548872],"iteration":988,"passed_time":13.82736912,"remaining_time":0.1537927809},
{"learn":[1.73527029],"iteration":989,"passed_time":13.84183589,"remaining_time":0.1398165242},
{"learn":[1.734945654],"iteration":990,"passed_time":13.85714821,"remaining_time":0.1258469565},
{"learn":[1.734672649],"iteration":991,"passed_time":13.87284104,"remaining_time":0.1118777504},
{"learn":[1.734474227],"iteration":992,"passed_time":13.88647371,"remaining_time":0.09789054982},
{"learn":[1.734192241],"iteration":993,"passed_time":13.90097659,"remaining_time":0.08390931544},
{"learn":[1.733922415],"iteration":994,"passed_time":13.91550789,"remaining_time":0.06992717533},
{"learn":[1.733687306],"iteration":995,"passed_time":13.92892714,"remaining_time":0.05593946643},
{"learn":[1.733320111],"iteration":996,"passed_time":13.94255796,"remaining_time":0.04195353448},
{"learn":[1.733026811],"iteration":997,"passed_time":13.95595293,"remaining_time":0.02796784154},
{"learn":[1.73276751],"iteration":998,"passed_time":13.97067719,"remaining_time":0.01398466185},
{"learn":[1.732572123],"iteration":999,"passed_time":13.98615062,"remaining_time":0}
]}